"1",-4.69723611441007,-4.73557857061221,-4.75335035970113,-4.82099924016672,-4.88018872162263,-4.88518426893103,-4.87681339746578,-4.83602587763296,-4.84075075510907,-4.77867828924217,-4.78387132200828,-4.83236042632546,-4.80377665892711,-4.75025320695537,-4.74072370282964,-4.72927730151216,-4.76641740194209,-4.80119488858673,-4.83444186782749,-4.86683728973028,-4.84769587621969
"2",-4.51156007768963,-4.54599496160357,-4.59631087473672,-4.60647066397309,-4.6419406788484,-4.59170819773325,-4.54090593549875,-4.53859007094216,-4.558489037378,-4.55356404260012,-4.50908834813269,-4.49687955553446,-4.51334084162833,-4.49256050792644,-4.46631935009623,-4.41319127053056,-4.42691388192974,-4.40493047473842,-4.37247055945039,-4.33296999873859,-4.33577721202126
"3",-4.3115644149464,-4.35183033323627,-4.39802236110905,-4.36191237099174,-4.39539604457351,-4.34156397899746,-4.32058653594168,-4.35340758706637,-4.3638152422066,-4.36305174297893,-4.37766818904051,-4.31782102352312,-4.25958999445152,-4.18188186031929,-4.13804461402559,-4.14061645240986,-4.17677300888262,-4.18948534801356,-4.15842229677625,-4.15382653219987,-4.1644466777323
"4",-4.1484654425286,-4.16784949976048,-4.15231518602178,-4.17695196420722,-4.1465660225851,-4.1390916934995,-4.09806489057275,-4.08609078569697,-4.03975910025518,-4.02528513953724,-4.02716381377748,-4.03564802428172,-4.03278692421748,-4.00616247839528,-4.01640431378041,-3.98973578113617,-3.97178474102185,-3.94631599669038,-3.93888743423442,-3.92311255144671,-3.91614774385721
"5",-3.95445336000232,-4.00685919461371,-3.97737841511904,-3.96079638693652,-3.94488686491654,-3.96552982783323,-3.92562267355902,-3.91742176968409,-3.88689923748469,-3.83057428873291,-3.82914642640103,-3.83990466668283,-3.81616681557138,-3.75213373109611,-3.732733049679,-3.71587956934525,-3.67966596244939,-3.63682562176271,-3.67250729199572,-3.6609900483381,-3.62469709261505
"6",-3.80054852900329,-3.82115710077452,-3.80696359131361,-3.81833081890927,-3.75463702459421,-3.75816749819052,-3.72684972920705,-3.69793429226847,-3.74573652503509,-3.70913589457758,-3.64885455963088,-3.66192058677219,-3.64688938995015,-3.63357588936757,-3.6438022429199,-3.6246367243004,-3.63839298226827,-3.63035673476831,-3.61343896771116,-3.59943873895362,-3.60808790512794
"7",-3.55511468527363,-3.53153836006898,-3.56682516213465,-3.52225981839346,-3.52516940540409,-3.51445284841193,-3.60577262803582,-3.60847032601645,-3.61433604711546,-3.53513115952961,-3.49315783130785,-3.49828090776466,-3.49068347257067,-3.44620093583916,-3.45088494403152,-3.46816733612677,-3.4869332013251,-3.47245235265157,-3.4732263006023,-3.45628675116463,-3.40160129964757
"8",-3.38496631585562,-3.44471068784953,-3.47614720521875,-3.47993054649249,-3.49283980446345,-3.43295581999318,-3.38216235043352,-3.2875375360677,-3.30433758330708,-3.36226625344754,-3.39322652884169,-3.3914275771724,-3.34754493808384,-3.32898289280764,-3.25738533757224,-3.27339283232012,-3.25873094515868,-3.22186076070461,-3.18456920367162,-3.18610380861962,-3.19192159999019
"9",-3.194903217734,-3.24137343778569,-3.24935712826052,-3.29610021296685,-3.29474394897806,-3.24566383200639,-3.25118955751402,-3.21514044820655,-3.24152572236488,-3.26072560614045,-3.22327948573666,-3.2239185785507,-3.23966995846008,-3.21976130580774,-3.18323335002275,-3.16593040415514,-3.15923637541875,-3.12402914611937,-3.09625334597043,-3.1091904377381,-3.08425674244463
"10",-3.08959547191874,-3.09893652765098,-3.15127237348835,-3.16256008251875,-3.14918819234243,-3.1331097041194,-3.09558663400291,-3.14166552420602,-3.13358492849986,-3.11631467531446,-3.14093851371492,-3.10128475830997,-3.08471771045389,-3.11469668279737,-3.09883507773472,-3.05682616038812,-3.06784395916125,-3.03608417804159,-3.00590920310186,-2.97518545102801,-2.96971431732111
"11",-2.95325262316778,-2.95225760675954,-2.98001561157902,-3.01524664232737,-3.02021298841494,-3.02729680378981,-3.05709922592901,-3.04168707640434,-3.0815058221036,-3.00551037902229,-2.98999005763489,-2.94267341157932,-2.92959795365827,-2.93743429563366,-2.91324176688712,-2.85033002703157,-2.84799070155637,-2.79796250937302,-2.80009202200265,-2.78922654752998,-2.80791209617847
"12",-2.81791722860642,-2.84769394821779,-2.86150795245168,-2.89062204557982,-2.89607673934249,-2.87632856523312,-2.90359880612904,-2.88990938284191,-2.91603632069237,-2.87873572705867,-2.87122087898016,-2.86449884913707,-2.82529987384263,-2.82665674958917,-2.78169851390787,-2.75376288699277,-2.7422390517145,-2.69015708497781,-2.69918753576685,-2.69847646231912,-2.69432899940334
"13",-2.69188449135769,-2.65787887829681,-2.70487790718278,-2.736167657023,-2.75188676922678,-2.74069651786416,-2.77316932690445,-2.78466288554388,-2.79238619013201,-2.76986852242062,-2.73575679941387,-2.71733867049733,-2.67015239067316,-2.67811259214226,-2.64829671239026,-2.64921986009222,-2.62852413817465,-2.62303836785364,-2.638786931558,-2.64299200205342,-2.66913496358536
"14",-2.39463537383507,-2.38102392077491,-2.46426803642463,-2.48072869037948,-2.57933929279675,-2.64985891051422,-2.66861805489075,-2.66518939308363,-2.64837289975981,-2.65048070592359,-2.58210507061824,-2.59561671447169,-2.56762829363747,-2.58448798679078,-2.55618429263258,-2.54055322304187,-2.56119229533849,-2.59908954363615,-2.62096468143376,-2.58709761367655,-2.63626873344559
"15",-2.28820305264408,-2.34813344580547,-2.41364763632559,-2.45928694397969,-2.49323408013471,-2.48338961829301,-2.46995971453798,-2.49329010677644,-2.52340235918655,-2.48671811327759,-2.48836826154969,-2.47561292026293,-2.47006488983077,-2.43935919097991,-2.393221812382,-2.33999963184987,-2.31989084728303,-2.32791654567478,-2.32035031402506,-2.30806642666981,-2.30800139156385
"16",0.47584083940646,0.4738166818605,0.497241387157326,0.50867295138989,0.528555186601154,0.563666644822366,0.536309874898218,0.522749522063733,0.528859461220783,0.543497172970501,0.545549158723137,0.559699565706937,0.569361820295257,0.570520321491794,0.539285771798805,0.518910816470795,0.509692011551628,0.483959242331688,0.47858861605334,0.445910899916184,0.42571832973607
"1",-4.70375973660698,-4.76008723668324,-4.77484838610847,-4.85156187250205,-4.91817884665219,-4.91760270013539,-4.90331544706258,-4.90725899141638,-4.83443536642744,-4.80035773497473,-4.77624891807962,-4.79964527455772,-4.84686828672557,-4.77650167798483,-4.7237855459458,-4.7717552393768,-4.78091328789691,-4.84962757154773,-4.85907362190599,-4.84279079998681,-4.84689804421272
"2",-4.53344539570597,-4.58789484856902,-4.61979469374871,-4.59523800584188,-4.6456055008088,-4.62867642443438,-4.58492590279404,-4.56545333941137,-4.59453479324237,-4.55862406805533,-4.54096714475406,-4.51954251230632,-4.51028531680407,-4.47840135434692,-4.43314321608966,-4.39457598386964,-4.40027341678635,-4.37265841444386,-4.392187694415,-4.35468624674266,-4.35142984364027
"3",-4.30264292740446,-4.31911279694634,-4.35952416685667,-4.37331008959103,-4.39346363746481,-4.33200821634137,-4.38584553574625,-4.35306549687772,-4.3704893888339,-4.3562557888904,-4.40518250236518,-4.29720679517336,-4.29348570882998,-4.21653967490635,-4.17358096972302,-4.12014625499639,-4.09711471369572,-4.07845213253767,-4.07735455399289,-4.10107195716165,-4.09203059450435
"4",-4.18459597772,-4.18481781310094,-4.19436122530073,-4.20656458588542,-4.21482553138156,-4.13800034848512,-4.13051539085255,-4.13694401929066,-4.09404749890914,-4.0455598474133,-4.04776053793289,-4.04159413990189,-4.04403437196715,-4.01541017025243,-4.00492107083082,-3.97012972868065,-3.95820729163309,-3.95707057247205,-3.89349706008162,-3.93157402351679,-3.93247200810839
"5",-3.94934979553083,-3.99075532072137,-3.95280533905323,-3.9802724212893,-3.94199782567131,-3.96221160016111,-3.94530272439345,-3.92323393403321,-3.89727089665644,-3.80910387294523,-3.84245116291793,-3.84767504438654,-3.79393096755546,-3.75919556553789,-3.72405970118588,-3.71216070316051,-3.6404817192093,-3.66140761320257,-3.66206310759023,-3.64895839814648,-3.64433708962571
"6",-3.81578012893317,-3.84901108912769,-3.83235712305872,-3.82814249184905,-3.77307712013494,-3.76039608355219,-3.7591198371201,-3.71302199976846,-3.75325798157963,-3.70754526128634,-3.65248394638969,-3.66097851126378,-3.69003725567452,-3.63590053143863,-3.674366972237,-3.69363634523816,-3.64036359684968,-3.59271760239812,-3.57465989675458,-3.60362824849423,-3.60841598915021
"7",-3.50486407939745,-3.51880025590154,-3.53032520647313,-3.52385697709236,-3.5563288273505,-3.5276486751875,-3.59029274020067,-3.62615020737358,-3.64658851663737,-3.52992916280443,-3.48350585603866,-3.51644690792652,-3.46447699422369,-3.46371749940641,-3.45767285421841,-3.46119158473297,-3.488042618779,-3.48246800692111,-3.44515410235391,-3.40874734343015,-3.39229918201293
"8",-3.37986904518888,-3.42651916246299,-3.4713037092258,-3.47390617662786,-3.47667681736672,-3.45172764893334,-3.36514362221613,-3.27558923372781,-3.32601291939047,-3.38988935064776,-3.35063688979901,-3.370275613171,-3.35831807010526,-3.29781038920272,-3.25507074100527,-3.2654922055581,-3.26543396837454,-3.23817518608028,-3.21265283639749,-3.15612875605798,-3.13584359653345
"9",-3.22199830597126,-3.22868524344313,-3.22456858282312,-3.28702335548368,-3.29066464803648,-3.27470376227078,-3.26347031583466,-3.23883229350094,-3.26917920045621,-3.23264484924355,-3.2339605836125,-3.22087085338686,-3.21200896041055,-3.18528561606797,-3.16342277786771,-3.13609596113081,-3.11933512973403,-3.09475304726825,-3.09796370295448,-3.08344079587219,-3.05471155394848
"10",-3.10574401949908,-3.10408215286652,-3.14204029818697,-3.14475472129127,-3.16124342478567,-3.14135134377308,-3.11809595546401,-3.12505603614983,-3.11904708167658,-3.11320996740833,-3.14037183082874,-3.09953630019127,-3.06218452741501,-3.09624660600914,-3.06356161395159,-3.01811532260743,-2.99421215202853,-2.95282447582154,-2.9458771758944,-2.96160107124958,-2.98106091105856
"11",-3.00553172807389,-3.02606332645591,-2.97918259436999,-2.98749336745585,-3.01525906686707,-3.02011574516359,-3.03334446242245,-3.02670573753134,-3.05892004803836,-3.00794415759937,-2.95284548325516,-2.94029032498842,-2.92505447520077,-2.90606768780071,-2.88994883958367,-2.84374049830046,-2.87886094100502,-2.83096328797337,-2.77590280499013,-2.77869200212737,-2.80706890175518
"12",-2.87243955348643,-2.84181362628673,-2.87616667803026,-2.91040331305248,-2.93239615011941,-2.9209945472933,-2.89848857164512,-2.90638012475123,-2.9271921861243,-2.92060126138481,-2.89453797679668,-2.85542655504281,-2.83376153304714,-2.80786695456784,-2.76096681327201,-2.75480804443551,-2.72104681323238,-2.68384240700306,-2.71981496735208,-2.69106897278449,-2.67558707349963
"13",-2.6416368182892,-2.6502620828187,-2.71157582344444,-2.76859931403147,-2.75385178674498,-2.72759241077086,-2.76824839422375,-2.81613193984868,-2.80526289303899,-2.79600545537106,-2.74693086052538,-2.74858686460457,-2.70043473705518,-2.68876212758318,-2.67425079680458,-2.69685684481689,-2.67173892950609,-2.64333309685378,-2.64438420390571,-2.62858300360675,-2.63249057308424
"14",-2.47535470138435,-2.44056165631882,-2.51005155986979,-2.57959467441965,-2.60751657381335,-2.66139519675263,-2.725631196664,-2.68968162954103,-2.70597090370422,-2.66363077238028,-2.64333176511714,-2.62242416366537,-2.6164999065235,-2.61118830528295,-2.582618700598,-2.57088414931636,-2.59236483741602,-2.59325962999904,-2.56902620749967,-2.6099750120532,-2.61258253021023
"15",-2.37249597244248,-2.37813542175736,-2.39074739023473,-2.45415091145761,-2.4782507917882,-2.44744715693637,-2.4702025613823,-2.49148102322823,-2.53611684321258,-2.52382221930665,-2.45499722846377,-2.4413169387157,-2.43990543133153,-2.4143770397211,-2.44315129247336,-2.45551179560551,-2.46543698201415,-2.48216573772843,-2.4724570517266,-2.44872522523241,-2.46252025790079
"16",0.487095324996929,0.474358992549867,0.488505699202951,0.513356055355874,0.542446466245919,0.562645328739334,0.54138735577413,0.511502011440522,0.521803423081391,0.5338292492856,0.536729644423759,0.533600730090898,0.582512040708476,0.558583592331553,0.550042982518973,0.535057339262367,0.538328460076424,0.519965738375114,0.529132862216246,0.51150759344088,0.495158530345431
"1",-4.71601312096014,-4.76578497438088,-4.82814702179141,-4.85438485560079,-4.93426976317931,-4.95371943770895,-4.91649468079632,-4.94824517030135,-4.8641355419483,-4.80310934062224,-4.78112203398263,-4.84066816481794,-4.83030859680372,-4.81697088046512,-4.7914183661822,-4.79150952918113,-4.77196569485997,-4.80249741808997,-4.85698205082003,-4.82761630950231,-4.81926596435078
"2",-4.55778255285782,-4.59350303298691,-4.64378610598171,-4.60931262120937,-4.61106526706502,-4.64527635271713,-4.6250359483106,-4.6038151896809,-4.61247988752565,-4.5819123439196,-4.54913845276161,-4.54528631000436,-4.52504248848618,-4.47193034076205,-4.45375563933541,-4.37579070527234,-4.4673149546384,-4.44725640381745,-4.41317960290629,-4.37557366636247,-4.36074466679358
"3",-4.29839963972094,-4.31790054778417,-4.3685287038397,-4.39854061508959,-4.41394818389568,-4.38241125440332,-4.37379740894878,-4.35092202663575,-4.34346963703932,-4.34111413240441,-4.41334391722483,-4.32731353797938,-4.29768416616178,-4.20699101005053,-4.1935820891297,-4.16819032346664,-4.15314377609436,-4.08419039845902,-4.11906791394563,-4.11235429373632,-4.10666233569343
"4",-4.12985566436611,-4.20445040363485,-4.24292968064846,-4.25095845482309,-4.21832987529995,-4.17755261716478,-4.15415892069388,-4.1341665540664,-4.07206434071186,-4.05682355062784,-3.9959075539334,-4.03144113053605,-4.03027160794059,-3.99743059876443,-4.00638185606602,-4.00170926830949,-3.92998307162305,-3.93463654767167,-3.96461598488782,-3.93299920815203,-3.93459554453985
"5",-3.94665351253217,-3.95189477813422,-3.91801192531166,-3.97689398315189,-3.9587211062569,-3.96857710066066,-3.95335630238583,-3.91462384059943,-3.90409108771702,-3.84583630740961,-3.84621342089911,-3.84852904539334,-3.76664916145705,-3.76624207726647,-3.70532758004586,-3.67553117729451,-3.67418190528325,-3.68101579389117,-3.6778530095678,-3.70672603150824,-3.71266860313212
"6",-3.80252585229864,-3.8279695322718,-3.86233982195213,-3.88903542925293,-3.82002503573382,-3.78009300958102,-3.7557617061342,-3.72296633943587,-3.72919812937162,-3.74665388300784,-3.64977931301735,-3.62131776456939,-3.6559113454174,-3.61661842140607,-3.65722211677362,-3.66182321714296,-3.59413475020067,-3.57058675381166,-3.56307776779042,-3.57618417678142,-3.53053513726937
"7",-3.51675346705651,-3.53424796560543,-3.53159952999872,-3.50876302679142,-3.55483201523721,-3.53161251340281,-3.59274339448579,-3.62305496537228,-3.62875534730972,-3.55925185420492,-3.50890483985719,-3.52745220052511,-3.48204706498848,-3.48907664183493,-3.47732796888546,-3.4635931834979,-3.44211276155866,-3.44866969057421,-3.39059961673241,-3.4170697569514,-3.43445375676337
"8",-3.42301079480358,-3.43486929349181,-3.46721685753756,-3.44455381959738,-3.47965016109013,-3.43988807056746,-3.36565092134028,-3.29686165334515,-3.32870205820173,-3.35441934541392,-3.33508884220948,-3.37081737233024,-3.33246941911313,-3.33418548337137,-3.30639409594031,-3.26931319979743,-3.24490390059126,-3.21554209091841,-3.20604197669146,-3.15228889717431,-3.16505003675585
"9",-3.25432098652686,-3.2804313771483,-3.28731633010371,-3.29916188567047,-3.28549171241044,-3.27454328211636,-3.28157300341596,-3.23817775871703,-3.24009216050655,-3.22228777857085,-3.2514338072456,-3.24852021892559,-3.20696655051294,-3.20401953875711,-3.14440285545401,-3.11223171526445,-3.07644436885705,-3.08255620036849,-3.11740837788693,-3.13456952825614,-3.11202403885918
"10",-3.1302697310131,-3.1521898633019,-3.14020963414142,-3.15019767490594,-3.16319925824512,-3.14789935620066,-3.13936467256746,-3.14325829497735,-3.1378729880106,-3.15444034858067,-3.14267256771566,-3.11630097887138,-3.08514847473105,-3.12506165939836,-3.07116268364438,-3.02720237375599,-3.02825792271434,-3.0092485973478,-3.01910335737323,-2.96929354112951,-3.0210815897935
"11",-3.02453702767312,-3.03820785194586,-3.05587760150501,-3.06068951775809,-3.05051236027636,-3.02931098023463,-3.05276726923078,-3.06130426121407,-3.06553616889246,-3.01958247875497,-2.94825722849629,-2.96047489277491,-2.91276021297037,-2.85845513127079,-2.85742893179494,-2.84681196709654,-2.83089753122134,-2.83350690499744,-2.83167171005091,-2.82223787350642,-2.88221298522636
"12",-2.85085916031324,-2.89395687484573,-2.87879267641905,-2.91233484275996,-2.93189294977572,-2.93947233923497,-2.90827709790907,-2.91726544134423,-2.95640310790697,-2.92652043291126,-2.87725397360273,-2.86153278157422,-2.82238657783154,-2.78811196915726,-2.78796072667569,-2.77201136573889,-2.81649876162388,-2.77635211691862,-2.71434952504804,-2.75875532500688,-2.7704462535252
"13",-2.6923046797941,-2.70154966445743,-2.75397635114455,-2.76176332955653,-2.79529151198291,-2.81069660582951,-2.83645971558007,-2.8235581594038,-2.82822545950503,-2.81290963311953,-2.79223099178784,-2.74432619485479,-2.74738246069099,-2.70884292679452,-2.69484626111544,-2.73677578481748,-2.7056667993154,-2.67616425172037,-2.60413229710559,-2.5714322464729,-2.56934475261354
"14",-2.52605746219238,-2.56747418158545,-2.57696506187236,-2.59976885156627,-2.65976174269687,-2.71365095280376,-2.74784760740171,-2.70043269803615,-2.67931530925923,-2.66250497969491,-2.63360724117936,-2.58743737176652,-2.60131636938965,-2.62221886130866,-2.59869078750941,-2.5974410028817,-2.57433316549836,-2.55710374822029,-2.5804766498294,-2.56487311923692,-2.54474709584169
"15",-2.26379553017807,-2.31456031067713,-2.31809066692706,-2.37754059493514,-2.44412689712627,-2.4764991426435,-2.50981962688386,-2.48945602500171,-2.54886953208801,-2.52075559395609,-2.49425241307484,-2.43712869264001,-2.42605514364165,-2.4257558075528,-2.40086619952518,-2.39634711072154,-2.3727416184813,-2.3797868418264,-2.38772394378615,-2.34074227847424,-2.34653143738373
"16",0.42844662842339,0.448168745463952,0.475492082669201,0.484739124574943,0.496747381765793,0.52870803638754,0.531062149031618,0.535032146387741,0.513344680236168,0.509614319187167,0.526964233940882,0.533032204400273,0.582170077989138,0.551072326827052,0.539365350539013,0.550917160673406,0.527574422246337,0.519774926844504,0.510500446150874,0.538908699222712,0.536307279452457
"1",-4.66471423946923,-4.73411512159918,-4.79147519751709,-4.87123355304313,-4.95671868684995,-4.9262614023403,-4.95729287031432,-4.93716576142035,-4.88469604905725,-4.85483450079994,-4.82620613062893,-4.87553910635593,-4.85283187583584,-4.83142785046853,-4.83809855310015,-4.79475415345554,-4.78918509686961,-4.81293050626767,-4.82678468763547,-4.79292560605497,-4.81308993735747
"2",-4.56187506458782,-4.61943280777012,-4.66400967308053,-4.64351128084606,-4.60661328727543,-4.66379359888512,-4.65930239309279,-4.62139463788254,-4.62186626241403,-4.61336852759519,-4.61253294357176,-4.574501225163,-4.54020014632564,-4.48393971623128,-4.42061371374231,-4.37718987200131,-4.40603019493848,-4.3975900933132,-4.42099214220433,-4.42158350842154,-4.41162754594395
"3",-4.2366690520472,-4.30100119468719,-4.38035018609161,-4.3927769101508,-4.40538777586303,-4.41254063498875,-4.38551785203645,-4.39918089036978,-4.37297358867482,-4.37031752660307,-4.3844575437046,-4.35123419059958,-4.28493495305834,-4.2120200753177,-4.16592793585101,-4.18246208800092,-4.14156902400335,-4.15261465731512,-4.18277537808123,-4.16325064345465,-4.17839020875131
"4",-4.1421539209132,-4.2067212723268,-4.23165666287873,-4.26688423716981,-4.239502630237,-4.19735593703776,-4.14228064787259,-4.12214953826413,-4.05569695540937,-4.05871285089468,-4.0080814361159,-4.00556661342853,-4.00099513287987,-4.01484362403786,-4.01846451745236,-4.00322847473703,-3.92758912345244,-3.98847783877211,-4.01317614356411,-4.03360187579747,-4.03022218582473
"5",-3.95129675996813,-3.96345473184689,-3.97164834979732,-3.9421155716405,-3.98177885715553,-3.98258499421391,-3.94535350013745,-3.90751845124116,-3.92661784174794,-3.85481940560217,-3.8393936829167,-3.82851190711825,-3.79777882621484,-3.76714189728554,-3.72781839938301,-3.71384743826974,-3.70117947011992,-3.67412557421321,-3.69857111231092,-3.66353548966152,-3.73301098811334
"6",-3.80831352472317,-3.87054675305653,-3.86978595749573,-3.90303125148129,-3.82380132538484,-3.79867314287243,-3.76341629173809,-3.74072459236712,-3.72868050934105,-3.74404233048044,-3.6391292916278,-3.63853930443044,-3.64834534953966,-3.6606879954379,-3.67736181912591,-3.66336585967265,-3.59897806124704,-3.60411191782116,-3.60682992291023,-3.58031946847722,-3.61615185366032
"7",-3.56708173742662,-3.56297445006971,-3.5701492076966,-3.57262614282277,-3.57157528003725,-3.58073079630966,-3.62449387876545,-3.60546931467923,-3.61980229817387,-3.57844645110176,-3.54493186542008,-3.52568805503605,-3.492903609644,-3.5064137893883,-3.4767724980616,-3.41053779513077,-3.44897799065093,-3.47043315972339,-3.45223320145944,-3.41450212277677,-3.46111564172267
"8",-3.46241423814551,-3.48150624650537,-3.49328637904214,-3.47561426601732,-3.50372607256558,-3.45664774943065,-3.35361948466953,-3.29162425157673,-3.31231752680962,-3.34976111635057,-3.35735961397346,-3.38084956871684,-3.317324720756,-3.29336999232146,-3.2952012453161,-3.25246580166476,-3.24293396432528,-3.24448471172492,-3.18177640052059,-3.18590589570784,-3.16291299211001
"9",-3.27949106198695,-3.32468722618846,-3.31347917698037,-3.32791226073108,-3.2976517369606,-3.25978540580783,-3.28388489319643,-3.23992924142543,-3.24882024901493,-3.23206958126705,-3.26227362050596,-3.23947808116693,-3.22914070118097,-3.19439306456946,-3.15575413602671,-3.07876688375357,-3.09360191038431,-3.07828172618047,-3.10867821669168,-3.12801823202587,-3.15496911546139
"10",-3.08027071081261,-3.11399929108497,-3.109180173211,-3.16029483177828,-3.1429565144811,-3.15893002426841,-3.13708651719819,-3.14182177810034,-3.11400669137447,-3.17501693465895,-3.14622415867429,-3.14017104660736,-3.06714952259983,-3.10981711320325,-3.07059458771663,-3.01711349527946,-2.98867504277904,-2.9077322394602,-2.90355287520936,-2.87922383251228,-2.91730681172152
"11",-2.97380083548901,-3.0282544388466,-3.04148312187707,-3.06499111002295,-3.09451830846303,-3.05234401348351,-3.06055231240534,-3.03934987593838,-3.02425068842762,-3.00850141191302,-2.97331755643908,-2.95629099750133,-2.91830951204953,-2.88192933284331,-2.85774468423819,-2.87755303700723,-2.85145820814515,-2.84568736708963,-2.83133416250132,-2.810750686739,-2.80617435553797
"12",-2.87202762144622,-2.86923908319439,-2.90344777377232,-2.88008765178277,-2.94356773242924,-2.93863184886455,-2.96434683950964,-2.92600181882733,-2.96186948666996,-2.93470882412479,-2.89225395128257,-2.86023462134438,-2.82611456254291,-2.74749500335875,-2.78860539408003,-2.81436165487778,-2.73054630162891,-2.66855278628013,-2.65158931789517,-2.70693716311443,-2.65773521937545
"13",-2.64210696887113,-2.65362145313939,-2.72511094209576,-2.76885787792844,-2.81099928465999,-2.86565629324933,-2.85565514389443,-2.8490689621992,-2.8241084816473,-2.8057887156217,-2.80397339721036,-2.78381797681259,-2.79012860607899,-2.73822592091187,-2.7338564752195,-2.70106107109671,-2.68917073303091,-2.62483598811476,-2.62213729017628,-2.67551455831108,-2.62112536382574
"14",-2.6185052457699,-2.58571376711381,-2.64718874532032,-2.67607201260106,-2.69228971103045,-2.71321722666637,-2.70600529467332,-2.74014236930446,-2.7319623788157,-2.6682706604824,-2.62701062720741,-2.63784038909174,-2.6253343514048,-2.64842237468197,-2.65328748079098,-2.6262673329438,-2.6196417991929,-2.60100820244734,-2.59033715557647,-2.58564764994979,-2.61412317204767
"15",-2.28741852399853,-2.30430240716878,-2.31747649184717,-2.40624137112686,-2.44777969174732,-2.51009693885032,-2.50043407687152,-2.50752776783192,-2.54793210825463,-2.54493045742577,-2.52003233706101,-2.48038031931324,-2.43724132376604,-2.42991726732902,-2.45701371931147,-2.44725740157348,-2.49986935130139,-2.5739889196591,-2.57823720948719,-2.5735105613837,-2.52245056182207
"16",0.444654666705545,0.432908567532639,0.460221958668986,0.483085433286553,0.522771726058875,0.518123498106355,0.52499650590847,0.528216764014813,0.513682804695336,0.520988578768823,0.493724693973691,0.529261888377144,0.560263355206566,0.552333419321306,0.558516478989719,0.546832410408091,0.545534188241287,0.543284850769298,0.534111068002628,0.557030242591662,0.568816217204184
"1",-4.71898660251843,-4.79601061802391,-4.82898496548814,-4.88357773743944,-4.94120854798132,-4.98154049496929,-4.97802015966636,-4.93774962988878,-4.92092059976974,-4.90412441526623,-4.85441339826147,-4.85323127991482,-4.84826954550328,-4.87082560854968,-4.84525375179738,-4.83835703080811,-4.7879324488705,-4.79959485042667,-4.78160237343969,-4.78701168913836,-4.82786925522136
"2",-4.49906660559619,-4.52325412841182,-4.62184264232718,-4.6610142501347,-4.64207000373943,-4.65020570425944,-4.63836600097342,-4.66046059763173,-4.64928411928715,-4.65860502211101,-4.63075425850521,-4.58684314460106,-4.53606581653198,-4.47848312834672,-4.43355726459841,-4.38301514347809,-4.41718210326435,-4.44292691963747,-4.44407727964064,-4.41649170197949,-4.46717452994184
"3",-4.29509884673767,-4.33910649622555,-4.36778880465275,-4.40091825083462,-4.40765125222911,-4.43272940755254,-4.37602046646724,-4.40570036531712,-4.42511981774657,-4.40034034221202,-4.40767924631583,-4.36076669319709,-4.30273321863219,-4.25571510650238,-4.18515694863129,-4.20035475310482,-4.20593770157676,-4.16578029773206,-4.21108747497003,-4.16985766685224,-4.20992998735105
"4",-4.13173214567113,-4.16231001435495,-4.1851176660817,-4.22007729950555,-4.24480052437269,-4.21014247924014,-4.11725699298648,-4.1401917460119,-4.06937049445616,-4.08394186533087,-4.05211922256836,-4.02764839365534,-4.00378135957395,-4.00007175330345,-4.01091503002863,-3.98229761856974,-4.01100105720558,-3.95016669533697,-3.88689283553498,-3.92279510853857,-3.96033635939341
"5",-3.99955681593847,-3.99716845874726,-3.99007824357541,-3.97491183042358,-3.97584007920733,-3.9895930126787,-3.93502426503553,-3.90679572738556,-3.92270391718068,-3.87441969542096,-3.83939192474147,-3.85184108788468,-3.81517654960594,-3.73477713895423,-3.71983394174745,-3.73416430049757,-3.68283263915048,-3.67045333109095,-3.68130657268215,-3.72310545486055,-3.68153275700704
"6",-3.77780326690244,-3.83403346824063,-3.85374003963433,-3.88184455496663,-3.83548115528843,-3.80443052312388,-3.76959233087089,-3.77087720455276,-3.75813083998623,-3.72464976248088,-3.6678932794119,-3.64640535544822,-3.65457475124732,-3.70357534688246,-3.71129978601372,-3.64635708979786,-3.61730379334761,-3.55323570799454,-3.51730502725472,-3.50986315108278,-3.51685293197382
"7",-3.53344707454312,-3.55089693111764,-3.58849035594186,-3.56001301959524,-3.57939335578782,-3.57147283633041,-3.62323073311488,-3.64245208659361,-3.64058914406739,-3.58368763207991,-3.55137228539232,-3.55093253544958,-3.51988325119667,-3.49945943649193,-3.46083852661688,-3.43323077082579,-3.45398266687364,-3.45493005026057,-3.40676437563736,-3.38108537192888,-3.38801583250433
"8",-3.44958548795847,-3.48577389795784,-3.48280698673671,-3.50686822507119,-3.50282225176438,-3.44892937803111,-3.34688037825842,-3.31061916052158,-3.32083924187356,-3.34966524055904,-3.36350784934005,-3.33059090436268,-3.3583492274948,-3.33786373804908,-3.28104499972183,-3.21896110636114,-3.19961780321463,-3.22497419491053,-3.19757044676089,-3.15635759571215,-3.16666016310457
"9",-3.28251774578606,-3.32821829086578,-3.31337314956033,-3.30942608985935,-3.34648155222016,-3.2752304565261,-3.30019278114942,-3.26243892344796,-3.26366705215283,-3.2509460075583,-3.24828210644047,-3.25460780703222,-3.25148279091974,-3.24102134732015,-3.14769101030358,-3.09282947496733,-3.12495532448577,-3.13016496684763,-3.19367707950711,-3.12470436039825,-3.08819823716022
"10",-3.13340947879003,-3.11700171052789,-3.1377979306374,-3.17197629566345,-3.17691969450883,-3.16752064084266,-3.16819968284189,-3.16198716878105,-3.14386911595556,-3.18520473186023,-3.16058235594349,-3.13092727693758,-3.08701835426608,-3.09085547114049,-3.06195266041659,-3.06915219891866,-3.00382965884019,-2.95832619972213,-2.93791600568212,-2.89095387801665,-2.84293309908868
"11",-3.01516915665039,-3.04207785718178,-3.05685468383683,-3.0645614082243,-3.08663475379534,-3.09536929729263,-3.08241224916181,-3.05361852940024,-3.05009186774736,-3.03289742668822,-3.00038552917957,-2.97520508583237,-2.94258352165034,-2.90735431194697,-2.87869841938903,-2.85732597872067,-2.84887912356349,-2.88190529487228,-2.8324356248811,-2.83776415109311,-2.81017254617197
"12",-2.82230361201658,-2.8877438812791,-2.91592197359233,-2.90210476592032,-2.92247740695477,-2.94083528993212,-2.95460262315545,-2.92940866320596,-2.97772140162681,-2.97338680253613,-2.902974751906,-2.86663397833191,-2.85883346238085,-2.77372587611823,-2.72245589172012,-2.74865985742371,-2.71784340869328,-2.7348573006748,-2.70597458918935,-2.63975086894027,-2.67742644636361
"13",-2.68659763128453,-2.72731923853824,-2.73676357995447,-2.79388407491127,-2.83682931916863,-2.84764841898099,-2.87029523650017,-2.85841747951605,-2.81884896763551,-2.7808122041717,-2.78804375055325,-2.75919675823991,-2.77711897780545,-2.75850379984214,-2.72210430811028,-2.71889377475051,-2.6684489901545,-2.67018940612135,-2.67124329233544,-2.63564300514029,-2.65326645704809
"14",-2.53613543221794,-2.56971829140432,-2.5994955642866,-2.64955270036819,-2.67317150437575,-2.68629441867079,-2.73913907206637,-2.72875762436855,-2.75685418419243,-2.68369184596521,-2.64354378761346,-2.65342951878635,-2.67196237495091,-2.63462548657336,-2.62626433408037,-2.62314930071347,-2.62364443984753,-2.63652254298324,-2.58201419790795,-2.61837200685747,-2.65198023793513
"15",-2.35305739670344,-2.36622992027786,-2.45468324101311,-2.4650947166186,-2.48373681236211,-2.51708462492265,-2.50732193332584,-2.50618242310549,-2.51690625783364,-2.5222403839432,-2.51212358741491,-2.48545922651981,-2.45599095548185,-2.45841790849371,-2.50396869540755,-2.53456894468475,-2.50420510946313,-2.49696400229717,-2.50091533425926,-2.48999822965183,-2.41835400434959
"16",0.444355950675571,0.424488290015808,0.473621783589752,0.481830064273097,0.490389820803802,0.499703079294417,0.507496072130135,0.508183758990873,0.536511570573418,0.530676744137349,0.517453131728548,0.52566185166169,0.552387375750653,0.536211431504578,0.575241561263422,0.550495330143489,0.548685041346484,0.559923477068078,0.526937578793581,0.532608725231899,0.510827662278845
"1",-4.71372039804243,-4.78599490114731,-4.81937444131732,-4.92530811863884,-4.9615726713769,-5.02587439984315,-5.0183219958656,-4.98102684012327,-4.93904647276371,-4.88762576059397,-4.83513818584008,-4.86275362174527,-4.86442414909889,-4.86052721262009,-4.87540124420075,-4.8334305686405,-4.83484318875155,-4.85847520146212,-4.8357977504185,-4.81403843948731,-4.82295924658933
"2",-4.52341246829081,-4.58132683129596,-4.59211764564293,-4.61178218190332,-4.65246023476078,-4.67463912588651,-4.65687206455747,-4.65960479017716,-4.69514124979818,-4.67445803973721,-4.64065318080846,-4.60871691222507,-4.57344319283042,-4.48977722296544,-4.44970155762472,-4.36900375979299,-4.39836752688724,-4.43590873633167,-4.46878361418252,-4.5254211077659,-4.56677233496162
"3",-4.36480772246838,-4.38670682208611,-4.4138826678628,-4.42624145191858,-4.42126741547384,-4.39811081129206,-4.35801338407612,-4.40723504293001,-4.42530945958607,-4.40560415945062,-4.39072079245949,-4.34609784785188,-4.33293970307208,-4.23960995668981,-4.19528283858727,-4.23248208963003,-4.17352019060864,-4.1776087380484,-4.21958899783177,-4.22427845460911,-4.24723209830116
"4",-4.08864566314793,-4.19731672359616,-4.22638508589097,-4.27342728061855,-4.26923389554597,-4.23831101120239,-4.13015831353701,-4.14229203178715,-4.10753585934122,-4.08198041726264,-4.05806908628097,-4.04176691578047,-4.02999025685352,-4.00123265989657,-3.99272331553263,-3.9689948445692,-3.95791032031291,-3.91942568114736,-3.906736625096,-3.93500288180815,-3.89676551759844
"5",-4.00726822921955,-4.03983729905055,-3.97320582109762,-3.97163491661757,-3.94219870332468,-3.97070037758943,-3.95772878992599,-3.92063480069074,-3.89070213973119,-3.86799929982751,-3.86234636910581,-3.82654509368627,-3.7915359024692,-3.73050134555294,-3.71285283725003,-3.71086659079273,-3.66997793176059,-3.67657820748502,-3.70913386679112,-3.66301303118214,-3.66392671638105
"6",-3.77280449940699,-3.80972639183299,-3.81948951548432,-3.87654892318505,-3.82378593396594,-3.77925241758071,-3.7779341447462,-3.78282891851628,-3.74784105927959,-3.74853698796671,-3.65780264574103,-3.66253687303214,-3.65661946698284,-3.68366786101008,-3.69183870928749,-3.64394813418338,-3.58884586036616,-3.60472869637076,-3.58192473826804,-3.58714002625817,-3.55792183524997
"7",-3.58956568775196,-3.58643100613681,-3.55861630095853,-3.55669616383082,-3.57047972558842,-3.60129381522899,-3.61558324382417,-3.63424097918649,-3.64763450349327,-3.61237719863204,-3.5651671648035,-3.5329811018758,-3.51403312878846,-3.49145784655277,-3.43687808486448,-3.41545787150543,-3.4079185903224,-3.4153092694679,-3.3750248483311,-3.32032051100197,-3.36624530888184
"8",-3.40189811148696,-3.39642198220233,-3.4386297462452,-3.47392820090486,-3.5013169975993,-3.45812429465711,-3.36627147270757,-3.31132166829368,-3.34375957091497,-3.35227926322507,-3.36451277262096,-3.37648081649107,-3.37778784118348,-3.30552685835265,-3.25603843549638,-3.22397636785469,-3.23086259468938,-3.19956147483091,-3.16790907490146,-3.12380981491197,-3.1385583850433
"9",-3.29028711459452,-3.32808423765348,-3.32440383313147,-3.34021198351057,-3.35272805338141,-3.28340926592863,-3.28575134942832,-3.27576702704853,-3.25798490829608,-3.24475485093006,-3.25270229540415,-3.24928214276281,-3.26002206000621,-3.22941517175641,-3.1544525929034,-3.14011421962483,-3.15549873917443,-3.15936911326094,-3.15477287190962,-3.11296779942872,-3.12787955028964
"10",-3.05905373402806,-3.14204279608514,-3.13233136050777,-3.17073097206459,-3.18078814984495,-3.18283087376554,-3.17918790712627,-3.1805707763988,-3.16258449409255,-3.21350986401921,-3.2080172166808,-3.15525404834066,-3.12080971572822,-3.10648921975716,-3.12539407655785,-3.08464975108508,-3.03736983967566,-3.00526266532874,-2.98419467449875,-3.01000073592508,-3.01103836901343
"11",-2.99613388473411,-3.04547896148458,-3.08057940569122,-3.08351261734933,-3.06882511337838,-3.05764127790068,-3.06680219201922,-3.02256293532226,-3.02603122103614,-2.99976524382347,-2.99021154116622,-2.9653744862092,-2.92825490396396,-2.91093756521433,-2.88366562443006,-2.88149751793525,-2.84539538321243,-2.84928404751216,-2.87492303382084,-2.83449633425561,-2.81598137050176
"12",-2.83084305943913,-2.87986754909529,-2.91070797348816,-2.93406417406593,-2.96043037701537,-2.96204090869108,-2.96213244349896,-2.93069914622358,-3.0019542325313,-2.9430083644459,-2.92116506182149,-2.88559933957983,-2.83810304907762,-2.81803106646296,-2.74930132230654,-2.75394092097355,-2.70732227247132,-2.65760832282893,-2.63066326097974,-2.66818533632694,-2.66429181225384
"13",-2.70125428523983,-2.74689533199031,-2.79819118347818,-2.81556955404261,-2.84348055631149,-2.82340107831303,-2.86084294959418,-2.87745696574873,-2.83270328046004,-2.798993656884,-2.78197807972895,-2.81751509008326,-2.78049912053012,-2.74038749523375,-2.74672350946887,-2.66779026959847,-2.64792632311117,-2.63083370201027,-2.61505892097779,-2.62035412120374,-2.62124608638941
"14",-2.5444369895023,-2.58423379785957,-2.64532715178652,-2.64711817400396,-2.63522915884684,-2.6941105134302,-2.71053933949236,-2.71940944240061,-2.70626510869989,-2.67506902378675,-2.63770232864403,-2.66634045766585,-2.61206453450433,-2.61340295483572,-2.5915272529164,-2.60957512000498,-2.57000467144986,-2.58683792658069,-2.52116447733663,-2.50768360989852,-2.52765591077794
"15",-2.36118376963473,-2.41249205405236,-2.44129030490194,-2.44889105635254,-2.48752715783307,-2.49590333161551,-2.50970985180856,-2.55173570158443,-2.51691269662178,-2.50029074921647,-2.4904239201638,-2.48803532507371,-2.49349353369831,-2.53036712600988,-2.5258082011462,-2.49431331752603,-2.48798034783725,-2.48600647868857,-2.4837793990359,-2.49392053695041,-2.49668767925287
"16",0.426781729502706,0.422741144259091,0.461467952625407,0.485993725407412,0.545145603310208,0.525286138093167,0.501915939704249,0.500180795954528,0.519834074337418,0.497941804894802,0.502139207393068,0.512446689771541,0.541478579336498,0.575181205669471,0.565264226374593,0.550823607500327,0.577849545745477,0.549769543113747,0.587397376860471,0.579731668215462,0.544431458386692
"1",-4.77134395383802,-4.8323027630158,-4.84744420641458,-4.90716812836178,-4.93214705443726,-5.04061652220487,-5.01763136826522,-4.96900679965532,-4.95997933076681,-4.93871661296947,-4.87058961769224,-4.89980298506987,-4.88155588753656,-4.90492419532225,-4.87385684553637,-4.84945230302736,-4.82421608837435,-4.85039516311623,-4.88760733542412,-4.81982149403077,-4.82921225299862
"2",-4.50464882520112,-4.53645562867548,-4.55802638893779,-4.61175872879851,-4.67487441932434,-4.68124801741228,-4.68822588513885,-4.68175005576915,-4.69533889879467,-4.70288732606333,-4.65388554196601,-4.62850499759599,-4.57387916485484,-4.51297804284391,-4.46136851341458,-4.41369041755262,-4.43567135951754,-4.45351321866553,-4.502971716005,-4.50658430891933,-4.51872420259996
"3",-4.33397331025334,-4.35075569046755,-4.39724343858425,-4.46261195981157,-4.42815669359417,-4.4223009772478,-4.39037822859817,-4.41840249110355,-4.44633543562527,-4.38830125095134,-4.42055751575075,-4.36249927112402,-4.34089204792002,-4.28214445588305,-4.21931832664553,-4.19678700781826,-4.20097997438412,-4.2075494024639,-4.22356146392017,-4.23869879934109,-4.23817753387005
"4",-4.15982438199663,-4.18250312696596,-4.24901007412393,-4.29293748671434,-4.25083247684628,-4.2353069156988,-4.11994610913183,-4.13942414271447,-4.11508041628259,-4.07030497015361,-4.02854226910765,-4.04240466797445,-4.03987363945104,-4.01420233339576,-3.98956419966892,-3.94868728824742,-3.9743797339955,-3.94681922704833,-3.9413989198807,-3.94832604340061,-3.92042982437488
"5",-3.93952111162788,-3.98756243342454,-3.95764960472281,-3.96281263038512,-3.96006739334916,-3.94099859411881,-3.9279455981599,-3.90052441916506,-3.92920162194267,-3.90791961348488,-3.87328957395889,-3.8446346702101,-3.76081866829071,-3.72288872895147,-3.68850043197056,-3.72268128012121,-3.69450319341937,-3.72338024793609,-3.72076895062067,-3.70162729087645,-3.6933445684393
"6",-3.75499850337888,-3.78582644569267,-3.79375993387717,-3.85517895482227,-3.8596002707446,-3.79899018402097,-3.77317119052789,-3.79588836151059,-3.75313521076331,-3.75572040176235,-3.65853908210376,-3.64099482388503,-3.65138875983616,-3.68097172584994,-3.64130186764336,-3.63974602832005,-3.61979843704599,-3.57275353694135,-3.58097364497593,-3.61449994299712,-3.65190549337346
"7",-3.57310456015175,-3.56012582223307,-3.55098293491372,-3.57213801094815,-3.59733876012386,-3.62276168358209,-3.630189483584,-3.62523190408314,-3.63598353107308,-3.61027943758145,-3.58140768022722,-3.5503052939649,-3.5181109596541,-3.46529396779384,-3.44025502137427,-3.43571430329303,-3.41059995698516,-3.39356099477954,-3.38724139902838,-3.32822561648335,-3.33274237460288
"8",-3.42251540155676,-3.45451690775732,-3.51736978901871,-3.53016430368688,-3.50116318478805,-3.4393652564281,-3.38289239917719,-3.33799909744182,-3.37229404821004,-3.35267525120964,-3.37652524517178,-3.37441670266664,-3.383165759345,-3.31862504492087,-3.27322887171298,-3.26222849167836,-3.18038991163375,-3.16853140442045,-3.15052081758398,-3.2039089084068,-3.22343141301772
"9",-3.32028169950383,-3.36012796238085,-3.32400992421155,-3.32982549317924,-3.34413127866754,-3.29771411406913,-3.30896793976142,-3.29150151462208,-3.26368559239062,-3.3012739154751,-3.28011084474101,-3.25852089012931,-3.2455377773549,-3.19527898238563,-3.16146834031809,-3.14752588761276,-3.1542906915482,-3.12327558168216,-3.14647158223516,-3.14336509885864,-3.18397259666475
"10",-3.14170744115351,-3.14633845892081,-3.16668166117116,-3.19151961734703,-3.1734967790732,-3.17091467012018,-3.17055452275828,-3.18994977422691,-3.16514773486989,-3.16409005768256,-3.22160497922093,-3.14239960646754,-3.10192726210408,-3.11695830223547,-3.0854268487896,-3.01674595606501,-3.00682308063789,-2.95611897681668,-3.02226462428902,-3.02019262065722,-3.0054969229037
"11",-3.0253208265005,-3.11476104049695,-3.0900255602354,-3.08281660102991,-3.0627954299867,-3.05424192989747,-3.07785057375536,-3.05264984053683,-3.06650076958865,-3.02013433234684,-2.97365467974181,-3.0293840014757,-2.93923773753973,-2.89829023391098,-2.87433683636244,-2.89152938104263,-2.85281876843116,-2.82501806741602,-2.84362896687991,-2.86782257708442,-2.84620974093399
"12",-2.90606763192584,-2.89593552414688,-2.9025513061479,-2.96207345986715,-2.96014209481198,-2.96615622488597,-2.96802668715743,-2.93207809714164,-2.98331741111603,-2.9342271095295,-2.95671628507129,-2.88219065099673,-2.82782519360878,-2.78045904678544,-2.75444233892428,-2.72053722507786,-2.7092964464689,-2.63740756405091,-2.69952487980809,-2.7054992552146,-2.72687497239334
"13",-2.74583588874779,-2.75271513474628,-2.78947742621335,-2.84292948909912,-2.85437952342181,-2.84681543848076,-2.83846460698629,-2.85816562415907,-2.85326044489328,-2.85803561394658,-2.82603392567779,-2.78060793545213,-2.76404287233419,-2.72100779044844,-2.6947578920688,-2.70979286118816,-2.65737982625226,-2.63617740786589,-2.62627151608692,-2.60127662781034,-2.57378050690462
"14",-2.53141189168613,-2.57964467469224,-2.5877304346243,-2.60521237879542,-2.65552304100124,-2.71279685140013,-2.73357443862063,-2.74186835264975,-2.72256435415941,-2.68099462961699,-2.65763966187236,-2.67450899343862,-2.67879790102501,-2.63917403248599,-2.62212772959347,-2.63168989236263,-2.62283254367842,-2.61451519836301,-2.57597100817418,-2.57524778741161,-2.55761464460811
"15",-2.37624039687843,-2.44212183761533,-2.50969197845605,-2.49983379146911,-2.50345647416386,-2.54296492190296,-2.50589178870348,-2.48491511825489,-2.50599379188529,-2.51796298524653,-2.48189715357245,-2.46337406024832,-2.45430484256683,-2.46969907178415,-2.43380464572769,-2.44878344213925,-2.47197293007342,-2.4979235796175,-2.51496088827858,-2.49839660093076,-2.46630126360359
"16",0.443501976344337,0.454103067971421,0.463995757764961,0.46518153025196,0.47460206551454,0.464947050437316,0.492495519232373,0.531180042085459,0.504521131883588,0.513404672276375,0.533556729129516,0.503149145717721,0.531286329215788,0.54777043271971,0.570007077366786,0.571435791819555,0.571276880505369,0.561545621534576,0.583457502991487,0.605761111863461,0.605587515199875
"1",-4.70919992994347,-4.72427065537998,-4.82987277356295,-4.92226073056199,-4.9744088373118,-5.03537844995663,-5.00960600806242,-4.97505822050053,-4.93100084715409,-4.97717536779047,-4.92484556425096,-4.92253218139158,-4.89334346504869,-4.91003824841118,-4.89747529710304,-4.89533957557138,-4.83303695765631,-4.90524999227332,-4.86995788952017,-4.88345322621008,-4.9324332926799
"2",-4.38951466119064,-4.46209499957507,-4.5185279127463,-4.59114978364181,-4.65404417181695,-4.67643643640417,-4.66529058903335,-4.68147370937984,-4.68628011490972,-4.69661804607051,-4.65745105673901,-4.63265689871258,-4.58322917936455,-4.49456774739982,-4.47301461509859,-4.44686695568442,-4.44457741491337,-4.46258180366471,-4.44533377003806,-4.49857240126859,-4.51681028135664
"3",-4.28559513565185,-4.34381847589169,-4.40828138090665,-4.41711021458754,-4.44239393059486,-4.43701175230847,-4.42327096357866,-4.44089900902883,-4.43129201163164,-4.40892374561068,-4.43337878144609,-4.38916191080356,-4.31221190588146,-4.25626406847546,-4.22610019612258,-4.21464756876493,-4.23147700504596,-4.23470349409912,-4.14234992001811,-4.16464281038044,-4.17396809633034
"4",-4.13801975599547,-4.20512453996887,-4.26510228282006,-4.29941090106324,-4.28759971304815,-4.25248778844083,-4.18249293801653,-4.13042799735252,-4.13102461584394,-4.07507255548414,-4.01177705999761,-4.04712583084775,-4.04324180444998,-3.97517638563041,-3.94094825461233,-3.91844112543049,-3.96574587765206,-3.95628524256695,-3.93577061002412,-3.9072820722391,-3.89109778191112
"5",-3.95045771040311,-3.94572583127762,-3.97789136353032,-3.9692079243395,-3.94533715961377,-3.91469206180879,-3.88406745809633,-3.90012101488779,-3.93177649353629,-3.92843164585895,-3.88211412236582,-3.82196629369178,-3.78848353115723,-3.70121597963666,-3.67377025219021,-3.70651726509149,-3.69589160108537,-3.74010604347017,-3.71663220458048,-3.68782121576995,-3.69555335735137
"6",-3.76406872722727,-3.7491230195719,-3.77423822049588,-3.83308142046078,-3.84335722966497,-3.80857813275657,-3.75885695327827,-3.76420733827562,-3.7763826638578,-3.74451171539553,-3.68595946134491,-3.65294117271891,-3.61452499861354,-3.62830018678906,-3.65561270599275,-3.60108421276231,-3.5755009547598,-3.63472273377063,-3.6400908821359,-3.64501213574662,-3.67400399229417
"7",-3.53314625278667,-3.55024685314873,-3.51638994529034,-3.57306865527132,-3.58362420574211,-3.6254715600904,-3.64014455469993,-3.62567905815273,-3.62466772653653,-3.61022505627585,-3.5878741659943,-3.55927471871735,-3.47886962625402,-3.44523332611593,-3.38711447299714,-3.38739792116508,-3.35405342840364,-3.41211024564839,-3.38115519166122,-3.3531780768274,-3.37603362255024
"8",-3.51162353823081,-3.51663791890548,-3.48646526099153,-3.50939518572303,-3.48359101160789,-3.4591479151739,-3.42135501762865,-3.35365400686749,-3.36377650270481,-3.36950281106832,-3.38730425440348,-3.34816872876293,-3.38108245131253,-3.30808367037259,-3.32536270549095,-3.23674192639613,-3.20613265329037,-3.17748876688043,-3.14727473301431,-3.1354150873318,-3.16459064102954
"9",-3.31166784655633,-3.31694053113896,-3.31278316197299,-3.31141321142191,-3.33380850288665,-3.31621584816153,-3.31492088925555,-3.31390536876069,-3.28391246269138,-3.29289003014657,-3.28091676868279,-3.30188594361476,-3.23700927839887,-3.20228690176737,-3.16698501226734,-3.13218189620384,-3.15534134956939,-3.15873853928132,-3.10556858039102,-3.12377520115888,-3.11969110983876
"10",-3.1104208743684,-3.1131373922662,-3.15632350381818,-3.14686559671252,-3.17522801769974,-3.16794248592302,-3.18987247919151,-3.23168796515816,-3.20523532961747,-3.17740503755449,-3.20912683570962,-3.17157437050872,-3.14181094301706,-3.12606672625893,-3.08739941172828,-3.07093036429481,-3.04071737429165,-3.00681424884218,-2.98121166293651,-2.92865525171234,-2.90317064733798
"11",-2.99389561361958,-3.10644251918738,-3.12658902960146,-3.070397993184,-3.07159872006944,-3.08511504598363,-3.09606699998649,-3.04609937812831,-3.04954663200142,-3.04706225431606,-3.00488691549188,-2.98720750610269,-2.95680986594202,-2.89760766546009,-2.86009582531624,-2.87696673988488,-2.90543800852083,-2.9131562151333,-2.93345144241695,-2.90279650360796,-2.87627828842662
"12",-2.91115023470802,-2.90330571436314,-2.91161610398125,-2.94416099927193,-2.95507182426461,-2.93238285568316,-2.93028218971476,-2.95393222028037,-3.00655151363632,-2.96949158713767,-2.96001786411913,-2.89449534728613,-2.81565617609098,-2.79431495596942,-2.79468800028252,-2.77596258002766,-2.76765505272762,-2.7447387569249,-2.75808152529714,-2.76646584233633,-2.7985847290508
"13",-2.66394225110964,-2.74584042346227,-2.76610663303283,-2.88640820089814,-2.87529439814053,-2.86647190430042,-2.85170649965422,-2.89788901158337,-2.87061855220185,-2.8260512082278,-2.82062073227568,-2.7843847245925,-2.77316913187862,-2.78097239095851,-2.70695763051076,-2.68667871105576,-2.72258850143733,-2.72852064735953,-2.7077520991869,-2.65961321600424,-2.68189639491599
"14",-2.47280677293963,-2.5376381341957,-2.56987607869627,-2.61898527388742,-2.67835010888298,-2.70557836769723,-2.73008562132037,-2.73061991794626,-2.7259957437481,-2.69804942999299,-2.70844973699465,-2.67687548847559,-2.63336415381391,-2.64750314153425,-2.63633996936592,-2.65172683482074,-2.68732955743051,-2.66444651033104,-2.64492406486552,-2.65688246007014,-2.63088548441731
"15",-2.40531006004364,-2.45393466016267,-2.44694617154687,-2.50559540198257,-2.49981091801036,-2.50420594701493,-2.51422737954057,-2.5155706275736,-2.48926719241084,-2.51874727989335,-2.52104290879047,-2.47041231437943,-2.47473715472229,-2.47908172090711,-2.46248139754256,-2.48434177744926,-2.46305643040395,-2.4587826308453,-2.42229690694898,-2.43420691344802,-2.46195766331384
"16",0.414809216093096,0.440847609479885,0.435371193403982,0.417174817626837,0.436545083525303,0.455956509687962,0.467944572875171,0.508813587872724,0.486648381225026,0.480281389075272,0.509674165513002,0.496854584361464,0.52201521311313,0.516107225089138,0.531372974177261,0.532296601416286,0.555031823672031,0.568084023606173,0.600215493284226,0.592941580803036,0.617336213128282
"1",-4.70205429316763,-4.75578409143319,-4.83441302592698,-4.92247491865891,-4.97381282131781,-4.99703845807861,-5.00685707792425,-4.96666847191831,-4.91047952254252,-4.97285537323663,-4.95306530407848,-4.93639181324609,-4.93368895787555,-4.93590939842479,-4.91731782359516,-4.86225368807313,-4.87947755474558,-4.85597067172769,-4.88544945497326,-4.90413847014685,-4.90581670544563
"2",-4.45068805361833,-4.49346806124378,-4.52424250343778,-4.59432662997069,-4.64688152101221,-4.67486250444797,-4.66562618621083,-4.71148351729318,-4.71905591083105,-4.70659844524889,-4.69290082998819,-4.66141693525642,-4.61487633751817,-4.48309286300007,-4.47273290953928,-4.43252778984588,-4.44670761601727,-4.45540396103099,-4.46098754591442,-4.49956819267114,-4.49341222209955
"3",-4.28251744118097,-4.35659999935038,-4.41443336984345,-4.42665985140689,-4.41884925270128,-4.44652719919014,-4.44813073141142,-4.43585689175954,-4.40128717105627,-4.42549334118062,-4.43771822574481,-4.3785293877593,-4.3444551701165,-4.24333660687067,-4.23142274978242,-4.20902979602725,-4.20260723452184,-4.23371628126782,-4.24286133587401,-4.2262216579795,-4.2103105095135
"4",-4.1405070211368,-4.1983193431107,-4.31081656252886,-4.31988466621454,-4.26077916429542,-4.26305945399521,-4.1995008345876,-4.14754915680328,-4.14686600602051,-4.0558856615126,-4.06528104313393,-4.05366771286492,-4.00363835684749,-3.99113399048618,-3.99129693225086,-3.95275351712262,-3.97455928860312,-3.93120567702332,-3.90065512639353,-3.90059234988642,-3.90050280269021
"5",-3.93135011240754,-3.96063970710333,-3.96405422417051,-3.96398354783249,-3.96179301287042,-3.93201617068892,-3.89678689627636,-3.94246172943789,-3.92631301471733,-3.91325836633935,-3.89681338664604,-3.8477162553839,-3.78062677700832,-3.73524318487616,-3.68751541954345,-3.66279209205523,-3.67770156158874,-3.71522888169042,-3.67623004085146,-3.69174321891421,-3.62860220295788
"6",-3.75893939711451,-3.74125222933511,-3.81527308732436,-3.8180861618212,-3.83656139866666,-3.80811268470422,-3.74967584615626,-3.76036828452817,-3.79755221320408,-3.71993920841154,-3.69646554480109,-3.6394358593242,-3.6367437431849,-3.64539526598102,-3.61756100482602,-3.64085728141511,-3.62783351157751,-3.65668361487976,-3.66797035762209,-3.69069843978027,-3.61612154852506
"7",-3.52781585370376,-3.53308645115005,-3.52714156817601,-3.57135026802938,-3.58735673092831,-3.63518337924435,-3.62154503908791,-3.63796573322985,-3.60219821858708,-3.59734459374344,-3.58181827239471,-3.54843060653495,-3.52648197353245,-3.46970346992933,-3.36179235479928,-3.35704709419424,-3.33815405354873,-3.4182259527649,-3.35093901173664,-3.3960752726842,-3.38883397415586
"8",-3.45362371768138,-3.48711003788654,-3.494323638573,-3.49450539125362,-3.46846386675776,-3.48074900077797,-3.43512104937145,-3.34650657602837,-3.38285950448225,-3.36410721077531,-3.38492366605545,-3.35873417692618,-3.35691353104013,-3.34531993819733,-3.30937556796815,-3.27861305345633,-3.25701813481587,-3.18376420818237,-3.14285097859651,-3.11476392165769,-3.09364354997015
"9",-3.28772052794192,-3.32437977310354,-3.33619877421041,-3.34684768590412,-3.35834918190207,-3.32851373019854,-3.34528127590433,-3.31846402272415,-3.29667990287142,-3.28709619858157,-3.27122190167725,-3.27777529139256,-3.22421278699837,-3.17453847319062,-3.18730849727011,-3.15004739033284,-3.12737318526393,-3.11116665686348,-3.07518023122156,-3.10925802500073,-3.07929656753166
"10",-3.15918179404563,-3.16561124481181,-3.17819455234771,-3.20317767737143,-3.20832540029134,-3.18623194948957,-3.24603909359752,-3.25075889992611,-3.20379015513254,-3.16644763994283,-3.20739849152118,-3.17727601358706,-3.1380941239387,-3.09106421336139,-3.08268478796974,-3.08212143566725,-3.07650635037675,-3.10112662316738,-3.03818179772159,-3.00835849783732,-3.02429526284512
"11",-3.06428161122415,-3.09314258002179,-3.11303692520577,-3.10793235741147,-3.06935250441454,-3.06476677659323,-3.12171221235886,-3.06976496074373,-3.09369820692082,-3.05052246140888,-3.02685562450246,-2.99981711859538,-2.99078996045567,-2.90280247220784,-2.88228582673687,-2.89438950185578,-2.89093907377564,-2.88678871925484,-2.93344097980563,-2.89255500712603,-2.88389956120556
"12",-2.9215371295234,-2.87992204085226,-2.90642618378694,-2.95228881849687,-2.94787666926267,-2.94474546916914,-2.96031593144635,-2.96931340068995,-2.99280537723109,-2.97625718594712,-2.97357824413503,-2.92465047329322,-2.83552846463303,-2.81878561852506,-2.79957646789355,-2.79447740795652,-2.83472879154722,-2.82263470244934,-2.80457554717825,-2.74849830631825,-2.73583680469455
"13",-2.66399448608307,-2.73526715859917,-2.78854744329572,-2.81704265176121,-2.86603236657435,-2.8588821964754,-2.8750584815776,-2.88467141087938,-2.86797669149926,-2.80054154200488,-2.80303685032053,-2.77466545122936,-2.77868876586967,-2.76159383899804,-2.70916252084414,-2.67170168477174,-2.67831336739605,-2.67868423533428,-2.72561770701189,-2.66781027443292,-2.6561219406177
"14",-2.53915365523462,-2.54043213819315,-2.6259488363479,-2.61399837660265,-2.67155335251337,-2.73203990162596,-2.775668053625,-2.74717195249034,-2.72092700853153,-2.69547281024646,-2.71251335761799,-2.68684533516264,-2.6752297271562,-2.64318890050241,-2.66944489988505,-2.6562523518681,-2.65293107094241,-2.66176564550357,-2.65291439343632,-2.66220007232714,-2.6463611453347
"15",-2.33403170705148,-2.3718834744413,-2.4240829068859,-2.50358303879626,-2.52444755211452,-2.53566400193616,-2.50781308682553,-2.53161190682875,-2.55020752770643,-2.53154613782967,-2.52783627251729,-2.53290829355024,-2.51088110966939,-2.4987015489862,-2.49913933705851,-2.50748340923287,-2.44567202304597,-2.43362365935424,-2.42024032451191,-2.45491344265446,-2.4516284168393
"16",0.40861522395244,0.409553858500762,0.39926424462793,0.398575686054589,0.434202325614674,0.463368001645303,0.498734687543954,0.504666222289968,0.470302491949312,0.490828641951737,0.508858337278713,0.504146544943346,0.506349538801572,0.51240417977055,0.501039787633911,0.499236734906581,0.508670485191493,0.509906240463516,0.528841151341834,0.525170414839985,0.527892332645254
"1",-4.7260152035628,-4.75486181072515,-4.81873422067038,-4.90823755346129,-4.9846415922467,-5.02144615202574,-4.98459801742287,-4.97042512556322,-4.92991540956297,-4.94356029041082,-4.93149902099337,-4.94718975608321,-4.91463326399757,-4.9356422753689,-4.94468823030313,-4.92989648011836,-4.8584823811169,-4.86155894749626,-4.88382345093417,-4.89764975535737,-4.89725481478087
"2",-4.50799110632599,-4.51887378914954,-4.58899312128997,-4.60652368974506,-4.64025789786996,-4.64948187971818,-4.713137108715,-4.76270054373578,-4.7295765511095,-4.70463059630138,-4.6435182674675,-4.63834593881967,-4.5850670520518,-4.54153934958549,-4.49636817621394,-4.45825154323425,-4.42342531569423,-4.41304976635212,-4.38307865740734,-4.47726928854432,-4.48041251126333
"3",-4.358962603223,-4.34298646687348,-4.40878320183073,-4.40434534904051,-4.41931761497472,-4.44562920150347,-4.47191947202914,-4.44990783096041,-4.42730804861634,-4.39867749447109,-4.40490603054835,-4.38117014011494,-4.31732211909824,-4.23329274852138,-4.21251168526358,-4.20735313368933,-4.21611150368386,-4.22487342883271,-4.20033182535351,-4.22109983225764,-4.24586463463639
"4",-4.21678171779353,-4.26624496508044,-4.2958080904677,-4.32444517213139,-4.29292324213816,-4.29854641383478,-4.20799394053193,-4.12932919064671,-4.14164359960899,-4.10109689470152,-4.03673950097795,-4.03736505909382,-4.00122584603597,-3.96694489079649,-3.96686582977027,-3.93274121981309,-3.92978752482184,-3.92245364404597,-3.92075241045251,-3.90481210608334,-3.86686530858422
"5",-3.93290575608039,-3.96521194947626,-3.98687413768251,-3.98948332808409,-3.96503921653254,-3.92309163841763,-3.91419384726703,-3.96943899065781,-3.91862586123454,-3.92464398574264,-3.88803348368076,-3.82243593996386,-3.77288154774818,-3.72171930506095,-3.72052418644611,-3.71300828988322,-3.69643883360892,-3.71375515317528,-3.74180159428686,-3.74638640805244,-3.73225903740028
"6",-3.74671080736776,-3.80352147976253,-3.82866444306866,-3.84819927881268,-3.83237994115955,-3.78678126432979,-3.77271867147339,-3.77230151436739,-3.748978623824,-3.72976202844313,-3.64617064979535,-3.62900361081375,-3.6351493334413,-3.63596230614549,-3.62248070999354,-3.65411313135914,-3.60303130971653,-3.60734121824908,-3.65374757216925,-3.63241397767763,-3.63249613359303
"7",-3.51336709647719,-3.56423076382678,-3.55889148130098,-3.61704629291968,-3.61351106688832,-3.62016518710144,-3.61487878515329,-3.64450929982114,-3.61712939903133,-3.60845453650986,-3.6052512194141,-3.55628038444839,-3.55314882071627,-3.48198246177117,-3.40993292498536,-3.31813972988395,-3.33009139598576,-3.37176937876196,-3.34319621212565,-3.39160607802844,-3.41718448249256
"8",-3.48444523298325,-3.49250173395566,-3.51088236752042,-3.46622306520732,-3.45527686799897,-3.45564725904581,-3.40109257381526,-3.35543158848656,-3.38351626345176,-3.38205431878242,-3.39934736271401,-3.3447819622487,-3.35691591856613,-3.36235255618061,-3.30709334821133,-3.28359756801013,-3.24132496174158,-3.19966766629588,-3.19604759237555,-3.16469456543777,-3.16985837897993
"9",-3.28421349815814,-3.32009268650804,-3.3197201572813,-3.34642455963188,-3.33464667586205,-3.33282783025038,-3.35359838191514,-3.32248756282229,-3.28781923069827,-3.2754458250897,-3.29093367046945,-3.29406226352945,-3.23409089160614,-3.21066686457863,-3.22521604897094,-3.15662256520887,-3.12319839754686,-3.09778129934284,-3.10892194344622,-3.09745924783013,-3.11436925818273
"10",-3.12848909566532,-3.13478909546069,-3.16740692272251,-3.19825991740378,-3.18985516565013,-3.19843983793274,-3.23293621408596,-3.25090972914765,-3.2374347870184,-3.17750685818024,-3.19096784324204,-3.14510313834548,-3.12016024810856,-3.10153352949211,-3.10877328442369,-3.10911556501082,-3.0866131278398,-3.0656063697428,-3.05553409287363,-3.03543184061589,-3.00923538229545
"11",-3.0358167230993,-3.07729732624552,-3.10881118695622,-3.12483741109171,-3.1103856880764,-3.09468230735322,-3.08495911168412,-3.07767236397592,-3.09206514221765,-3.04399720615318,-3.03298523797559,-3.01908618112275,-3.0090877578678,-2.95258046193336,-2.88377314245225,-2.88012066341119,-2.91133224683355,-2.9115376720354,-2.92114819431241,-2.91943701659293,-2.91373201856127
"12",-2.86416928123141,-2.9125595677994,-2.91838206410649,-2.92171026275511,-2.91409009175064,-2.93663623454029,-2.95863926998657,-2.96884797309353,-3.01404508567497,-2.98558702175557,-2.97166775821391,-2.91169065031081,-2.86883400975272,-2.85621759966608,-2.81226971792246,-2.81252161227928,-2.81436064615213,-2.81072805228982,-2.79887752763557,-2.79144840791802,-2.74641828891988
"13",-2.6291709961827,-2.68332692854736,-2.7562953698748,-2.83975743533804,-2.86232002924441,-2.87095967712845,-2.87240474910763,-2.92252030141479,-2.89466100468186,-2.81298177080869,-2.82766829106701,-2.77580589439835,-2.76446987022121,-2.74822996473356,-2.71769439351314,-2.70014281510595,-2.72220364773957,-2.72556164817019,-2.7230793312971,-2.76399356374123,-2.71082651493399
"14",-2.51448979377864,-2.61251728458204,-2.6115249924276,-2.65801737887985,-2.7116660705352,-2.75134884634519,-2.75337640078119,-2.73738475130279,-2.7676044842833,-2.71129039453126,-2.66921644356919,-2.64524924220568,-2.61026772823017,-2.66799587021205,-2.70793777885753,-2.6981867444129,-2.67694201198847,-2.67249038161533,-2.69068155841095,-2.67366426217127,-2.65430854886222
"15",-2.34178651188598,-2.38532105883283,-2.43713676696131,-2.48544816377189,-2.49775594764334,-2.53078343858803,-2.57136208543727,-2.5490769859597,-2.57230835499085,-2.52916968580362,-2.54146879267542,-2.52355435515955,-2.48971034927182,-2.4981733103883,-2.45603241587215,-2.44524904619657,-2.41122946125322,-2.45957178274868,-2.45701195571336,-2.47665949161767,-2.4990641580755
"16",0.352296418017014,0.356470084461167,0.414671717274839,0.444274445713129,0.439217483581006,0.488064629410987,0.506544205777467,0.492035878907123,0.447372338076779,0.493227488361223,0.484301013006758,0.465342824510562,0.509488183547947,0.51979761840717,0.520881386472589,0.495840341614513,0.526472887219101,0.501453963490466,0.514005705398546,0.497772725517235,0.527657944658094
