"playerID","yearID","teamID","lgID","HR","AB","Age","park","POS","N_i","E","B1","B2","B3"
"abreubo01",2006,"NYA","AL",7,209,32,"Yankee Stadium II","RF",11,"0",0.409364877608758,0.332608963057116,0.0900815941613022
"abreubo01",2006,"PHI","NL",8,339,32,"Citizens Bank Park","RF",11,"0",0.409364877608758,0.332608963057116,0.0900815941613022
"adamsru01",2006,"TOR","AL",3,251,26,"Rogers Centre","2B",2,"0",0.416745254007954,0.132600762638895,0.0140637172495797
"aguilch01",2006,"FLO","NL",0,95,27,"Joe Robbie Stadium","RF",2,"0",0.433966132272746,0.165320431341998,0.020993070646603
"alfonel01",2006,"SFN","NL",12,286,27,"AT&T Park","C",1,"0",0.433966132272746,0.165320431341998,0.020993070646603
"aloumo01",2006,"SFN","NL",22,345,40,"AT&T Park","RF",14,"1",0.165320431341998,0.433966132272746,0.379720365738653
"amezaal01",2006,"FLO","NL",3,334,28,"Joe Robbie Stadium","CF",3,"0",0.442822583951782,0.199270162778302,0.0298905244167453
"anderbr03",2006,"CHA","AL",8,365,24,"U.S. Cellular Field","CF",1,"0",0.354258067161425,0.0738037639919636,0.00512526138833081
"anderga01",2006,"LAA","AL",17,543,34,"Angels Stadium of Anaheim","LF",12,"0",0.361638443560622,0.387469760957809,0.138382057484932
"anderma02",2006,"WAS","NL",5,215,32,"R.F.K. Stadium","2B",8,"0",0.409364877608758,0.332608963057116,0.0900815941613022
"ardoida01",2006,"COL","NL",0,109,32,"Coors Field","C",2,"0",0.409364877608758,0.332608963057116,0.0900815941613022
"atkinga01",2006,"COL","NL",29,602,27,"Coors Field","3B",2,"0",0.433966132272746,0.165320431341998,0.020993070646603
"aurilri01",2006,"CIN","NL",23,440,35,"Great American Ball Park","3B",12,"1",0.332608963057116,0.409364877608758,0.167944565172824
"ausmubr01",2006,"HOU","NL",2,439,37,"Minute Maid Park","C",15,"0",0.267907663290828,0.438394358112264,0.239124195333962
"aybarwi01",2006,"ATL","NL",1,115,23,"Turner Field","3B",3,"0",0.307515683299848,0.0492025093279757,0.00262413383082537
"aybarwi01",2006,"LAN","NL",3,128,23,"Dodger Stadium","3B",3,"0",0.307515683299848,0.0492025093279757,0.00262413383082537
"bakopa01",2006,"KCA","AL",0,153,34,"Kauffman Stadium","C",8,"0",0.361638443560622,0.387469760957809,0.138382057484932
"baldero01",2006,"TBA","AL",16,364,25,"Tropicana Field","CF",3,"0",0.390421911517487,0.10184919430891,0.00885645167903563
"barajro01",2006,"TEX","AL",11,344,31,"Ameriquest Field","C",6,"0",0.426585755873549,0.301119357087211,0.070851613432285
"bardjo01",2006,"SDN","NL",9,231,28,"Petco Park","C",4,"0",0.442822583951782,0.199270162778302,0.0298905244167453
"barfijo02",2006,"SDN","NL",13,539,24,"Petco Park","2B",1,"0",0.354258067161425,0.0738037639919636,0.00512526138833081
"barmecl01",2006,"COL","NL",7,478,27,"Coors Field","SS",2,"0",0.433966132272746,0.165320431341998,0.020993070646603
"barremi01",2006,"CHN","NL",16,375,30,"Wrigley Field","C",8,"0",0.438394358112264,0.267907663290828,0.0545737832629464
"bartlja01",2006,"MIN","AL",2,333,27,"Hubert H Humphrey Metrodome","SS",2,"0",0.433966132272746,0.165320431341998,0.020993070646603
"batisto01",2006,"MIN","AL",5,178,33,"Hubert H Humphrey Metrodome","3B",12,"0",0.387469760957809,0.361638443560622,0.112509737996638
"bautijo02",2006,"PIT","NL",16,400,26,"PNC Park","CF",1,"0",0.416745254007954,0.132600762638895,0.0140637172495797
"bayja01",2006,"PIT","NL",35,570,28,"PNC Park","LF",4,"1",0.442822583951782,0.199270162778302,0.0298905244167453
"bellda01",2006,"MIL","NL",4,180,34,"Miller Park","3B",14,"0",0.361638443560622,0.387469760957809,0.138382057484932
"bellda01",2006,"PHI","NL",6,324,34,"Citizens Bank Park","3B",14,"0",0.361638443560622,0.387469760957809,0.138382057484932
"bellhma01",2006,"SDN","NL",8,253,32,"Petco Park","3B",7,"0",0.409364877608758,0.332608963057116,0.0900815941613022
"belliro01",2006,"CLE","AL",8,350,31,"Progressive Field","2B",9,"0",0.426585755873549,0.301119357087211,0.070851613432285
"belliro01",2006,"SLN","NL",5,194,31,"Busch Stadium III","2B",9,"0",0.426585755873549,0.301119357087211,0.070851613432285
"beltrad01",2006,"SEA","AL",25,620,27,"Safeco Field","3B",9,"0",0.433966132272746,0.165320431341998,0.020993070646603
"beltrca01",2006,"NYN","NL",41,510,29,"Shea Stadium","CF",9,"1",0.444052646684981,0.233711919307885,0.0410020911066464
"bennega01",2006,"SLN","NL",4,157,34,"Busch Stadium III","C",7,"0",0.361638443560622,0.387469760957809,0.138382057484932
"berkmla01",2006,"HOU","NL",45,536,30,"Minute Maid Park","1B",8,"1",0.438394358112264,0.267907663290828,0.0545737832629464
"berroan01",2006,"KCA","AL",9,474,26,"Kauffman Stadium","SS",5,"0",0.416745254007954,0.132600762638895,0.0140637172495797
"betanyu01",2006,"SEA","AL",8,558,24,"Safeco Field","SS",2,"0",0.354258067161425,0.0738037639919636,0.00512526138833081
"betemwi01",2006,"ATL","NL",9,199,25,"Turner Field","3B",3,"0",0.390421911517487,0.10184919430891,0.00885645167903563
"betemwi01",2006,"LAN","NL",9,174,25,"Dodger Stadium","3B",3,"1",0.390421911517487,0.10184919430891,0.00885645167903563
"biggicr01",2006,"HOU","NL",21,548,41,"Minute Maid Park","2B",17,"0",0.132600762638895,0.416745254007954,0.436590266103571
"blakeca01",2006,"CLE","AL",19,401,33,"Progressive Field","RF",4,"0",0.387469760957809,0.361638443560622,0.112509737996638
"blaloha01",2006,"TEX","AL",16,591,26,"Ameriquest Field","3B",5,"0",0.416745254007954,0.132600762638895,0.0140637172495797
"blancan01",2006,"KCA","AL",0,87,22,"Kauffman Stadium","SS",2,"0",0.249456722292837,0.0287834679568658,0.00110705645987945
"blanche01",2006,"CHN","NL",6,241,35,"Wrigley Field","C",8,"0",0.332608963057116,0.409364877608758,0.167944565172824
"bloomwi01",2006,"SEA","AL",1,251,29,"Safeco Field","CF",4,"0",0.444052646684981,0.233711919307885,0.0410020911066464
"blumge01",2006,"SDN","NL",4,276,33,"Petco Park","SS",9,"0",0.387469760957809,0.361638443560622,0.112509737996638
"bondsba01",2006,"SFN","NL",26,367,42,"AT&T Park","LF",16,"1",0.10184919430891,0.390421911517487,0.498872442494567
"booneaa01",2006,"CLE","AL",7,354,33,"Progressive Field","3B",9,"0",0.387469760957809,0.361638443560622,0.112509737996638
"borchjo01",2006,"FLO","NL",10,230,28,"Joe Robbie Stadium","RF",2,"0",0.442822583951782,0.199270162778302,0.0298905244167453
"bowenro01",2006,"SDN","NL",3,94,25,"Petco Park","C",1,"0",0.390421911517487,0.10184919430891,0.00885645167903563
"bradlmi01",2006,"OAK","AL",14,351,28,"McAfee Coliseum","RF",7,"0",0.442822583951782,0.199270162778302,0.0298905244167453
"branyru01",2006,"TBA","AL",12,169,31,"Tropicana Field","RF",8,"1",0.426585755873549,0.301119357087211,0.070851613432285
"brousbe01",2006,"SEA","AL",8,164,30,"Safeco Field","1B",6,"0",0.438394358112264,0.267907663290828,0.0545737832629464
"brousbe01",2006,"CLE","AL",13,268,30,"Progressive Field","1B",6,"0",0.438394358112264,0.267907663290828,0.0545737832629464
"brownem01",2006,"KCA","AL",15,527,32,"Kauffman Stadium","LF",5,"0",0.409364877608758,0.332608963057116,0.0900815941613022
"brunter01",2006,"HOU","NL",0,119,28,"Minute Maid Park","2B",2,"0",0.442822583951782,0.199270162778302,0.0298905244167453
"buckjo01",2006,"KCA","AL",11,371,26,"Kauffman Stadium","C",3,"0",0.416745254007954,0.132600762638895,0.0140637172495797
"burkech01",2006,"HOU","NL",9,366,26,"Minute Maid Park","2B",2,"0",0.416745254007954,0.132600762638895,0.0140637172495797
"burnije01",2006,"PIT","NL",16,313,37,"PNC Park","RF",14,"1",0.267907663290828,0.438394358112264,0.239124195333962
"burrepa01",2006,"PHI","NL",29,462,30,"Citizens Bank Park","LF",7,"1",0.438394358112264,0.267907663290828,0.0545737832629464
"bynumfr01",2006,"CHN","NL",4,136,26,"Wrigley Field","2B",1,"0",0.416745254007954,0.132600762638895,0.0140637172495797
"byrdma01",2006,"WAS","NL",5,197,29,"R.F.K. Stadium","CF",4,"0",0.444052646684981,0.233711919307885,0.0410020911066464
"byrneer01",2006,"ARI","NL",26,562,30,"Chase Field","CF",6,"0",0.438394358112264,0.267907663290828,0.0545737832629464
"cabreme01",2006,"NYA","AL",7,460,22,"Yankee Stadium II","LF",1,"0",0.249456722292837,0.0287834679568658,0.00110705645987945
"cabremi01",2006,"FLO","NL",26,576,23,"Joe Robbie Stadium","3B",4,"0",0.307515683299848,0.0492025093279757,0.00262413383082537
"cabreor01",2006,"LAA","AL",9,607,32,"Angels Stadium of Anaheim","SS",10,"0",0.409364877608758,0.332608963057116,0.0900815941613022
"cairomi01",2006,"NYA","AL",0,222,32,"Yankee Stadium II","2B",9,"0",0.409364877608758,0.332608963057116,0.0900815941613022
"camermi01",2006,"SDN","NL",22,552,33,"Petco Park","CF",10,"0",0.387469760957809,0.361638443560622,0.112509737996638
"canoro01",2006,"NYA","AL",15,482,24,"Yankee Stadium II","2B",2,"0",0.354258067161425,0.0738037639919636,0.00512526138833081
"cantujo01",2006,"TBA","AL",14,413,24,"Tropicana Field","2B",3,"0",0.354258067161425,0.0738037639919636,0.00512526138833081
"carroja01",2006,"COL","NL",5,463,32,"Coors Field","2B",4,"0",0.409364877608758,0.332608963057116,0.0900815941613022
"caseyse01",2006,"PIT","NL",3,213,32,"PNC Park","1B",10,"0",0.409364877608758,0.332608963057116,0.0900815941613022
"caseyse01",2006,"DET","AL",5,184,32,"Comerica Park","1B",10,"0",0.409364877608758,0.332608963057116,0.0900815941613022
"castijo02",2006,"PIT","NL",14,518,25,"PNC Park","2B",3,"0",0.390421911517487,0.10184919430891,0.00885645167903563
"castilu01",2006,"MIN","AL",3,584,31,"Hubert H Humphrey Metrodome","2B",11,"0",0.426585755873549,0.301119357087211,0.070851613432285
"castivi02",2006,"SDN","NL",4,254,39,"Petco Park","3B",15,"0",0.199270162778302,0.442822583951782,0.328016728853172
"castrbe01",2006,"WAS","NL",0,110,27,"R.F.K. Stadium","2B",2,"0",0.433966132272746,0.165320431341998,0.020993070646603
"castrju01",2006,"CIN","NL",2,95,34,"Great American Ball Park","SS",11,"0",0.361638443560622,0.387469760957809,0.138382057484932
"castrju01",2006,"MIN","AL",1,156,34,"Hubert H Humphrey Metrodome","SS",11,"0",0.361638443560622,0.387469760957809,0.138382057484932
"castrra01",2006,"NYN","NL",4,126,30,"Shea Stadium","C",5,"0",0.438394358112264,0.267907663290828,0.0545737832629464
"catalfr01",2006,"TOR","AL",7,437,32,"Rogers Centre","LF",9,"0",0.409364877608758,0.332608963057116,0.0900815941613022
"cedenro02",2006,"CHN","NL",6,534,23,"Wrigley Field","SS",2,"0",0.307515683299848,0.0492025093279757,0.00262413383082537
"chaveen01",2006,"NYN","NL",4,353,28,"Shea Stadium","RF",6,"0",0.442822583951782,0.199270162778302,0.0298905244167453
"chaveer01",2006,"OAK","AL",22,485,29,"McAfee Coliseum","3B",8,"0",0.444052646684981,0.233711919307885,0.0410020911066464
"choosh01",2006,"CLE","AL",3,146,24,"Progressive Field","RF",1,"0",0.354258067161425,0.0738037639919636,0.00512526138833081
"churcry01",2006,"WAS","NL",10,196,28,"R.F.K. Stadium","CF",2,"1",0.442822583951782,0.199270162778302,0.0298905244167453
"cintral01",2006,"CHA","AL",5,288,28,"U.S. Cellular Field","SS",5,"0",0.442822583951782,0.199270162778302,0.0298905244167453
"cirilje01",2006,"MIL","NL",3,263,37,"Miller Park","3B",13,"0",0.267907663290828,0.438394358112264,0.239124195333962
"clarkbr02",2006,"MIL","NL",4,415,33,"Miller Park","CF",5,"0",0.387469760957809,0.361638443560622,0.112509737996638
"clarkto02",2006,"ARI","NL",6,132,34,"Chase Field","1B",12,"0",0.361638443560622,0.387469760957809,0.138382057484932
"claytro01",2006,"CIN","NL",2,149,36,"Great American Ball Park","SS",17,"0",0.301119357087211,0.426585755873549,0.201443273606954
"claytro01",2006,"WAS","NL",0,305,36,"R.F.K. Stadium","SS",17,"0",0.301119357087211,0.426585755873549,0.201443273606954
"clossjd01",2006,"COL","NL",2,97,26,"Coors Field","C",3,"0",0.416745254007954,0.132600762638895,0.0140637172495797
"coninje01",2006,"BAL","AL",9,389,40,"Oriole Park at Camden Yards","1B",17,"0",0.165320431341998,0.433966132272746,0.379720365738653
"coninje01",2006,"PHI","NL",1,100,40,"Citizens Bank Park","1B",17,"0",0.165320431341998,0.433966132272746,0.379720365738653
"coraal01",2006,"BOS","AL",1,235,31,"Fenway Park II","SS",8,"0",0.426585755873549,0.301119357087211,0.070851613432285
"costash01",2006,"KCA","AL",3,237,25,"Kauffman Stadium","RF",2,"0",0.390421911517487,0.10184919430891,0.00885645167903563
"costech01",2006,"PHI","NL",7,198,33,"Citizens Bank Park","C",1,"0",0.387469760957809,0.361638443560622,0.112509737996638
"cotahu01",2006,"PIT","NL",0,100,27,"PNC Park","C",2,"0",0.433966132272746,0.165320431341998,0.020993070646603
"counscr01",2006,"ARI","NL",4,372,36,"Chase Field","SS",10,"0",0.301119357087211,0.426585755873549,0.201443273606954
"crawfca02",2006,"TBA","AL",18,600,25,"Tropicana Field","LF",5,"0",0.390421911517487,0.10184919430891,0.00885645167903563
"credejo01",2006,"CHA","AL",30,544,28,"U.S. Cellular Field","3B",5,"1",0.442822583951782,0.199270162778302,0.0298905244167453
"crispco01",2006,"BOS","AL",8,413,27,"Fenway Park II","CF",5,"0",0.433966132272746,0.165320431341998,0.020993070646603
"crosbbo01",2006,"OAK","AL",9,358,26,"McAfee Coliseum","SS",3,"0",0.416745254007954,0.132600762638895,0.0140637172495797
"crosbbu01",2006,"NYA","AL",1,87,30,"Yankee Stadium II","RF",2,"0",0.438394358112264,0.267907663290828,0.0545737832629464
"cruzjo02",2006,"LAN","NL",5,223,32,"Dodger Stadium","LF",12,"0",0.409364877608758,0.332608963057116,0.0900815941613022
"cruzne02",2006,"TEX","AL",6,130,26,"Ameriquest Field","RF",1,"0",0.416745254007954,0.132600762638895,0.0140637172495797
"cuddymi01",2006,"MIN","AL",24,557,27,"Hubert H Humphrey Metrodome","RF",5,"0",0.433966132272746,0.165320431341998,0.020993070646603
"damonjo01",2006,"NYA","AL",24,593,33,"Yankee Stadium II","CF",12,"0",0.387469760957809,0.361638443560622,0.112509737996638
"davanje02",2006,"ARI","NL",5,221,33,"Chase Field","CF",5,"0",0.387469760957809,0.361638443560622,0.112509737996638
"dejesda01",2006,"KCA","AL",8,491,27,"Kauffman Stadium","LF",3,"0",0.433966132272746,0.165320431341998,0.020993070646603
"delgaca01",2006,"NYN","NL",38,524,34,"Shea Stadium","1B",13,"1",0.361638443560622,0.387469760957809,0.138382057484932
"delluda01",2006,"PHI","NL",13,264,33,"Citizens Bank Park","LF",8,"0",0.387469760957809,0.361638443560622,0.112509737996638
"denorch01",2006,"CIN","NL",1,106,26,"Great American Ball Park","RF",1,"0",0.416745254007954,0.132600762638895,0.0140637172495797
"derosma01",2006,"TEX","AL",13,520,31,"Ameriquest Field","RF",6,"0",0.426585755873549,0.301119357087211,0.070851613432285
"diazma02",2006,"ATL","NL",7,297,28,"Turner Field","LF",2,"0",0.442822583951782,0.199270162778302,0.0298905244167453
"doumiry01",2006,"PIT","NL",6,149,25,"PNC Park","1B",2,"0",0.390421911517487,0.10184919430891,0.00885645167903563
"drewjd01",2006,"LAN","NL",20,494,31,"Dodger Stadium","RF",8,"0",0.426585755873549,0.301119357087211,0.070851613432285
"drewst01",2006,"ARI","NL",5,209,23,"Chase Field","SS",1,"0",0.307515683299848,0.0492025093279757,0.00262413383082537
"duffych01",2006,"PIT","NL",2,314,26,"PNC Park","CF",2,"0",0.416745254007954,0.132600762638895,0.0140637172495797
"duncach01",2006,"SLN","NL",22,280,25,"Busch Stadium III","LF",1,"1",0.390421911517487,0.10184919430891,0.00885645167903563
"dunnad01",2006,"CIN","NL",40,561,27,"Great American Ball Park","LF",6,"1",0.433966132272746,0.165320431341998,0.020993070646603
"durhara01",2006,"SFN","NL",26,498,35,"AT&T Park","2B",13,"1",0.332608963057116,0.409364877608758,0.167944565172824
"dyeje01",2006,"CHA","AL",44,539,32,"U.S. Cellular Field","RF",12,"1",0.409364877608758,0.332608963057116,0.0900815941613022
"easleda01",2006,"ARI","NL",9,189,37,"Chase Field","SS",14,"0",0.267907663290828,0.438394358112264,0.239124195333962
"eckstda01",2006,"SLN","NL",2,500,31,"Busch Stadium III","SS",6,"0",0.426585755873549,0.301119357087211,0.070851613432285
"edmonji01",2006,"SLN","NL",19,350,36,"Busch Stadium III","CF",13,"1",0.301119357087211,0.426585755873549,0.201443273606954
"ellisja01",2006,"SFN","NL",2,81,28,"AT&T Park","LF",2,"0",0.442822583951782,0.199270162778302,0.0298905244167453
"ellisma01",2006,"OAK","AL",11,441,29,"McAfee Coliseum","2B",4,"0",0.444052646684981,0.233711919307885,0.0410020911066464
"encared01",2006,"CIN","NL",15,406,23,"Great American Ball Park","3B",2,"0",0.307515683299848,0.0492025093279757,0.00262413383082537
"encarju01",2006,"SLN","NL",19,557,30,"Busch Stadium III","RF",11,"0",0.438394358112264,0.267907663290828,0.0545737832629464
"ensbemo01",2006,"HOU","NL",23,387,31,"Minute Maid Park","3B",5,"1",0.426585755873549,0.301119357087211,0.070851613432285
"erstada01",2006,"LAA","AL",0,95,32,"Angels Stadium of Anaheim","CF",11,"0",0.409364877608758,0.332608963057116,0.0900815941613022
"escobal01",2006,"WAS","NL",4,87,28,"R.F.K. Stadium","CF",3,"0",0.442822583951782,0.199270162778302,0.0298905244167453
"estrajo01",2006,"ARI","NL",11,414,30,"Chase Field","C",4,"0",0.438394358112264,0.267907663290828,0.0545737832629464
"ethiean01",2006,"LAN","NL",11,396,24,"Dodger Stadium","LF",1,"0",0.354258067161425,0.0738037639919636,0.00512526138833081
"everead01",2006,"HOU","NL",6,514,29,"Minute Maid Park","SS",5,"0",0.444052646684981,0.233711919307885,0.0410020911066464
"evereca01",2006,"SEA","AL",11,308,35,"Safeco Field","DH",14,"0",0.332608963057116,0.409364877608758,0.167944565172824
"faheybr01",2006,"BAL","AL",2,251,25,"Oriole Park at Camden Yards","LF",1,"0",0.390421911517487,0.10184919430891,0.00885645167903563
"fasansa01",2006,"PHI","NL",4,140,35,"Citizens Bank Park","C",5,"0",0.332608963057116,0.409364877608758,0.167944565172824
"felizpe01",2006,"SFN","NL",22,603,31,"AT&T Park","3B",6,"0",0.426585755873549,0.301119357087211,0.070851613432285
"fickro01",2006,"WAS","NL",2,128,32,"R.F.K. Stadium","C",7,"0",0.409364877608758,0.332608963057116,0.0900815941613022
"fieldpr01",2006,"MIL","NL",28,569,22,"Miller Park","1B",1,"0",0.249456722292837,0.0287834679568658,0.00110705645987945
"figgich01",2006,"LAA","AL",9,604,28,"Angels Stadium of Anaheim","CF",4,"0",0.442822583951782,0.199270162778302,0.0298905244167453
"finlest01",2006,"SFN","NL",6,426,41,"AT&T Park","CF",18,"0",0.132600762638895,0.416745254007954,0.436590266103571
"floydcl01",2006,"NYN","NL",11,332,34,"Shea Stadium","LF",13,"0",0.361638443560622,0.387469760957809,0.138382057484932
"fordle01",2006,"MIN","AL",4,234,30,"Hubert H Humphrey Metrodome","LF",3,"0",0.438394358112264,0.267907663290828,0.0545737832629464
"francje02",2006,"ATL","NL",29,651,22,"Turner Field","RF",2,"0",0.249456722292837,0.0287834679568658,0.00110705645987945
"francju01",2006,"NYN","NL",2,165,48,"Shea Stadium","1B",14,"0",0,0,1
"frandke01",2006,"SFN","NL",2,93,24,"AT&T Park","2B",1,"0",0.354258067161425,0.0738037639919636,0.00512526138833081
"freelry01",2006,"CIN","NL",8,454,30,"Great American Ball Park","CF",4,"0",0.438394358112264,0.267907663290828,0.0545737832629464
"freemch01",2006,"COL","NL",2,173,27,"Coors Field","CF",2,"0",0.433966132272746,0.165320431341998,0.020993070646603
"furcara01",2006,"LAN","NL",15,654,29,"Dodger Stadium","SS",7,"0",0.444052646684981,0.233711919307885,0.0410020911066464
"garcino01",2006,"LAN","NL",20,469,33,"Dodger Stadium","1B",12,"0",0.387469760957809,0.361638443560622,0.112509737996638
"garkory01",2006,"CLE","AL",7,185,25,"Progressive Field","1B",1,"0",0.390421911517487,0.10184919430891,0.00885645167903563
"gathrjo01",2006,"KCA","AL",1,229,25,"Kauffman Stadium","CF",3,"0",0.390421911517487,0.10184919430891,0.00885645167903563
"gathrjo01",2006,"TBA","AL",0,154,25,"Tropicana Field","CF",3,"0",0.390421911517487,0.10184919430891,0.00885645167903563
"germaes01",2006,"KCA","AL",3,279,28,"Kauffman Stadium","2B",1,"0",0.442822583951782,0.199270162778302,0.0298905244167453
"giambja01",2006,"NYA","AL",37,446,35,"Yankee Stadium II","DH",12,"1",0.332608963057116,0.409364877608758,0.167944565172824
"gibboja01",2006,"BAL","AL",13,343,29,"Oriole Park at Camden Yards","DH",6,"0",0.444052646684981,0.233711919307885,0.0410020911066464
"gilesbr02",2006,"SDN","NL",14,604,35,"Petco Park","RF",12,"0",0.332608963057116,0.409364877608758,0.167944565172824
"gilesma01",2006,"ATL","NL",11,550,28,"Turner Field","2B",6,"0",0.442822583951782,0.199270162778302,0.0298905244167453
"glaustr01",2006,"TOR","AL",38,540,30,"Rogers Centre","3B",9,"1",0.438394358112264,0.267907663290828,0.0545737832629464
"gloadro01",2006,"CHA","AL",3,156,30,"U.S. Cellular Field","1B",2,"0",0.438394358112264,0.267907663290828,0.0545737832629464
"gomesjo01",2006,"TBA","AL",20,385,26,"Tropicana Field","DH",2,"1",0.416745254007954,0.132600762638895,0.0140637172495797
"gomezal01",2006,"DET","AL",1,103,28,"Comerica Park","LF",1,"0",0.442822583951782,0.199270162778302,0.0298905244167453
"gomezch02",2006,"BAL","AL",2,132,35,"Oriole Park at Camden Yards","1B",15,"0",0.332608963057116,0.409364877608758,0.167944565172824
"gonzaad01",2006,"SDN","NL",24,570,24,"Petco Park","1B",2,"0",0.354258067161425,0.0738037639919636,0.00512526138833081
"gonzaal02",2006,"BOS","AL",9,388,29,"Fenway Park II","SS",9,"0",0.444052646684981,0.233711919307885,0.0410020911066464
"gonzalu01",2006,"ARI","NL",15,586,39,"Chase Field","LF",17,"0",0.199270162778302,0.442822583951782,0.328016728853172
"gonzalu02",2006,"COL","NL",2,149,27,"Coors Field","2B",3,"0",0.433966132272746,0.165320431341998,0.020993070646603
"graffto01",2006,"KCA","AL",5,220,34,"Kauffman Stadium","2B",12,"0",0.361638443560622,0.387469760957809,0.138382057484932
"graffto01",2006,"MIL","NL",2,236,34,"Miller Park","2B",12,"0",0.361638443560622,0.387469760957809,0.138382057484932
"grandcu01",2006,"DET","AL",19,596,25,"Comerica Park","CF",2,"0",0.390421911517487,0.10184919430891,0.00885645167903563
"greenan01",2006,"ARI","NL",1,86,29,"Chase Field","3B",2,"0",0.444052646684981,0.233711919307885,0.0410020911066464
"greenkh01",2006,"SDN","NL",15,412,27,"Petco Park","SS",3,"0",0.433966132272746,0.165320431341998,0.020993070646603
"greenni01",2006,"NYA","AL",2,75,28,"Yankee Stadium II","2B",3,"0",0.442822583951782,0.199270162778302,0.0298905244167453
"greensh01",2006,"NYN","NL",4,113,34,"Shea Stadium","RF",13,"0",0.361638443560622,0.387469760957809,0.138382057484932
"greensh01",2006,"ARI","NL",11,417,34,"Chase Field","RF",13,"0",0.361638443560622,0.387469760957809,0.138382057484932
"greento02",2006,"SFN","NL",2,159,35,"AT&T Park","C",10,"0",0.332608963057116,0.409364877608758,0.167944565172824
"griffke02",2006,"CIN","NL",27,428,37,"Great American Ball Park","CF",17,"1",0.267907663290828,0.438394358112264,0.239124195333962
"grossga01",2006,"MIL","NL",9,208,27,"Miller Park","CF",3,"0",0.433966132272746,0.165320431341998,0.020993070646603
"grudzma01",2006,"KCA","AL",7,548,36,"Kauffman Stadium","2B",13,"0",0.301119357087211,0.426585755873549,0.201443273606954
"guerrvl01",2006,"LAA","AL",33,607,31,"Angels Stadium of Anaheim","RF",10,"1",0.426585755873549,0.301119357087211,0.070851613432285
"guielaa01",2006,"NYA","AL",4,82,34,"Yankee Stadium II","RF",5,"0",0.361638443560622,0.387469760957809,0.138382057484932
"guillca01",2006,"DET","AL",19,543,31,"Comerica Park","SS",7,"0",0.426585755873549,0.301119357087211,0.070851613432285
"guilljo01",2006,"WAS","NL",9,241,30,"R.F.K. Stadium","RF",13,"0",0.438394358112264,0.267907663290828,0.0545737832629464
"gutiefr01",2006,"CLE","AL",1,136,23,"Progressive Field","RF",1,"0",0.307515683299848,0.0492025093279757,0.00262413383082537
"gwynnto02",2006,"MIL","NL",0,77,24,"Miller Park","CF",1,"0",0.354258067161425,0.0738037639919636,0.00512526138833081
"hafnetr01",2006,"CLE","AL",42,454,29,"Progressive Field","DH",4,"1",0.444052646684981,0.233711919307885,0.0410020911066464
"hairsje02",2006,"TEX","AL",0,88,30,"Ameriquest Field","LF",9,"0",0.438394358112264,0.267907663290828,0.0545737832629464
"hairsje02",2006,"CHN","NL",0,82,30,"Wrigley Field","LF",9,"0",0.438394358112264,0.267907663290828,0.0545737832629464
"hallbi03",2006,"MIL","NL",35,537,27,"Miller Park","SS",4,"1",0.433966132272746,0.165320431341998,0.020993070646603
"hallto02",2006,"TBA","AL",8,221,31,"Tropicana Field","C",6,"0",0.426585755873549,0.301119357087211,0.070851613432285
"hardyjj01",2006,"MIL","NL",5,128,24,"Miller Park","SS",2,"0",0.354258067161425,0.0738037639919636,0.00512526138833081
"hartco01",2006,"MIL","NL",9,237,24,"Miller Park","RF",1,"0",0.354258067161425,0.0738037639919636,0.00512526138833081
"hattesc01",2006,"CIN","NL",13,456,37,"Great American Ball Park","1B",10,"0",0.267907663290828,0.438394358112264,0.239124195333962
"hawpebr01",2006,"COL","NL",22,499,27,"Coors Field","RF",3,"0",0.433966132272746,0.165320431341998,0.020993070646603
"helmswe01",2006,"FLO","NL",10,240,30,"Joe Robbie Stadium","1B",6,"0",0.438394358112264,0.267907663290828,0.0545737832629464
"heltoto01",2006,"COL","NL",15,546,33,"Coors Field","1B",10,"0",0.387469760957809,0.361638443560622,0.112509737996638
"hermije01",2006,"FLO","NL",5,307,22,"Joe Robbie Stadium","RF",1,"0",0.249456722292837,0.0287834679568658,0.00110705645987945
"hernajo01",2006,"PIT","NL",2,120,37,"PNC Park","1B",16,"0",0.267907663290828,0.438394358112264,0.239124195333962
"hernara02",2006,"BAL","AL",23,501,30,"Oriole Park at Camden Yards","C",8,"0",0.438394358112264,0.267907663290828,0.0545737832629464
"hillaa01",2006,"TOR","AL",6,546,24,"Rogers Centre","2B",2,"0",0.354258067161425,0.0738037639919636,0.00512526138833081
"hillesh02",2006,"SFN","NL",9,234,31,"AT&T Park","1B",8,"0",0.426585755873549,0.301119357087211,0.070851613432285
"hillesh02",2006,"TOR","AL",12,296,31,"Rogers Centre","1B",8,"0",0.426585755873549,0.301119357087211,0.070851613432285
"hinsker01",2006,"BOS","AL",1,80,29,"Fenway Park II","RF",6,"0",0.444052646684981,0.233711919307885,0.0410020911066464
"hinsker01",2006,"TOR","AL",12,197,29,"Rogers Centre","RF",6,"1",0.444052646684981,0.233711919307885,0.0410020911066464
"hollato01",2006,"CLE","AL",6,156,33,"Progressive Field","LF",14,"0",0.387469760957809,0.361638443560622,0.112509737996638
"hollida02",2006,"TBA","AL",15,333,32,"Tropicana Field","RF",2,"0",0.409364877608758,0.332608963057116,0.0900815941613022
"hollima01",2006,"COL","NL",34,602,26,"Coors Field","LF",3,"1",0.416745254007954,0.132600762638895,0.0140637172495797
"howarry01",2006,"PHI","NL",58,581,27,"Citizens Bank Park","1B",2,"1",0.433966132272746,0.165320431341998,0.020993070646603
"hudsoor01",2006,"ARI","NL",15,579,29,"Chase Field","2B",5,"0",0.444052646684981,0.233711919307885,0.0410020911066464
"huffau01",2006,"TBA","AL",8,230,30,"Tropicana Field","3B",8,"0",0.438394358112264,0.267907663290828,0.0545737832629464
"huffau01",2006,"HOU","NL",13,224,30,"Minute Maid Park","3B",8,"1",0.438394358112264,0.267907663290828,0.0545737832629464
"hunteto01",2006,"MIN","AL",31,557,31,"Hubert H Humphrey Metrodome","CF",8,"1",0.426585755873549,0.301119357087211,0.070851613432285
"iannech01",2006,"COL","NL",2,77,23,"Coors Field","C",1,"0",0.307515683299848,0.0492025093279757,0.00262413383082537
"ibanera01",2006,"SEA","AL",33,626,34,"Safeco Field","LF",9,"1",0.361638443560622,0.387469760957809,0.138382057484932
"iguchta01",2006,"CHA","AL",18,555,32,"U.S. Cellular Field","2B",2,"0",0.409364877608758,0.332608963057116,0.0900815941613022
"infanom01",2006,"DET","AL",4,224,25,"Comerica Park","2B",4,"0",0.390421911517487,0.10184919430891,0.00885645167903563
"ingebr01",2006,"DET","AL",27,542,29,"Comerica Park","3B",6,"0",0.444052646684981,0.233711919307885,0.0410020911066464
"inglejo01",2006,"CLE","AL",2,201,28,"Progressive Field","2B",1,"0",0.442822583951782,0.199270162778302,0.0298905244167453
"izturce01",2006,"LAN","NL",1,119,26,"Dodger Stadium","3B",6,"0",0.416745254007954,0.132600762638895,0.0140637172495797
"izturma01",2006,"LAA","AL",5,352,26,"Angels Stadium of Anaheim","3B",3,"0",0.416745254007954,0.132600762638895,0.0140637172495797
"jacksco01",2006,"ARI","NL",15,485,24,"Chase Field","1B",2,"0",0.354258067161425,0.0738037639919636,0.00512526138833081
"jacksda04",2006,"WAS","NL",4,116,33,"R.F.K. Stadium","CF",7,"0",0.387469760957809,0.361638443560622,0.112509737996638
"jacobmi02",2006,"FLO","NL",20,469,26,"Joe Robbie Stadium","1B",2,"0",0.416745254007954,0.132600762638895,0.0140637172495797
"jenkige01",2006,"MIL","NL",17,484,32,"Miller Park","RF",9,"0",0.409364877608758,0.332608963057116,0.0900815941613022
"jeterde01",2006,"NYA","AL",14,623,32,"Yankee Stadium II","SS",11,"0",0.409364877608758,0.332608963057116,0.0900815941613022
"johjike01",2006,"SEA","AL",18,506,30,"Safeco Field","C",1,"0",0.438394358112264,0.267907663290828,0.0545737832629464
"johnsbe02",2006,"SDN","NL",4,120,25,"Petco Park","LF",2,"0",0.390421911517487,0.10184919430891,0.00885645167903563
"johnsda06",2006,"OAK","AL",9,286,27,"McAfee Coliseum","1B",2,"0",0.433966132272746,0.165320431341998,0.020993070646603
"johnsni01",2006,"WAS","NL",23,500,28,"R.F.K. Stadium","1B",5,"0",0.442822583951782,0.199270162778302,0.0298905244167453
"johnsre02",2006,"TOR","AL",12,461,30,"Rogers Centre","LF",4,"0",0.438394358112264,0.267907663290828,0.0545737832629464
"jonesan01",2006,"ATL","NL",41,565,29,"Turner Field","CF",11,"1",0.444052646684981,0.233711919307885,0.0410020911066464
"jonesch06",2006,"ATL","NL",26,411,34,"Turner Field","3B",12,"1",0.361638443560622,0.387469760957809,0.138382057484932
"jonesja04",2006,"CHN","NL",27,533,31,"Wrigley Field","RF",8,"1",0.426585755873549,0.301119357087211,0.070851613432285
"jordabr01",2006,"ATL","NL",3,91,39,"Turner Field","1B",15,"0",0.199270162778302,0.442822583951782,0.328016728853172
"kaplega01",2006,"BOS","AL",2,130,31,"Fenway Park II","RF",9,"0",0.426585755873549,0.301119357087211,0.070851613432285
"kearnau01",2006,"WAS","NL",8,212,26,"R.F.K. Stadium","RF",6,"0",0.416745254007954,0.132600762638895,0.0140637172495797
"kearnau01",2006,"CIN","NL",16,325,26,"Great American Ball Park","RF",6,"0",0.416745254007954,0.132600762638895,0.0140637172495797
"kempma01",2006,"LAN","NL",7,154,22,"Dodger Stadium","CF",1,"0",0.249456722292837,0.0287834679568658,0.00110705645987945
"kendaja01",2006,"OAK","AL",1,552,32,"McAfee Coliseum","C",11,"0",0.409364877608758,0.332608963057116,0.0900815941613022
"kendrho01",2006,"LAA","AL",4,267,23,"Angels Stadium of Anaheim","1B",1,"0",0.307515683299848,0.0492025093279757,0.00262413383082537
"kennead01",2006,"LAA","AL",4,451,30,"Angels Stadium of Anaheim","2B",8,"0",0.438394358112264,0.267907663290828,0.0545737832629464
"kentje01",2006,"LAN","NL",14,407,38,"Dodger Stadium","2B",17,"0",0.233711919307885,0.444052646684981,0.281233342900488
"kieltbo01",2006,"OAK","AL",8,270,30,"McAfee Coliseum","LF",7,"0",0.438394358112264,0.267907663290828,0.0545737832629464
"kinslia01",2006,"TEX","AL",14,423,24,"Ameriquest Field","2B",1,"0",0.354258067161425,0.0738037639919636,0.00512526138833081
"konerpa01",2006,"CHA","AL",35,566,30,"U.S. Cellular Field","1B",9,"1",0.438394358112264,0.267907663290828,0.0545737832629464
"koskico01",2006,"MIL","NL",12,257,33,"Miller Park","3B",8,"0",0.387469760957809,0.361638443560622,0.112509737996638
"kotchca01",2006,"LAA","AL",1,79,23,"Angels Stadium of Anaheim","1B",3,"0",0.307515683299848,0.0492025093279757,0.00262413383082537
"kotsama01",2006,"OAK","AL",7,502,31,"McAfee Coliseum","CF",9,"0",0.426585755873549,0.301119357087211,0.070851613432285
"kubelja01",2006,"MIN","AL",8,220,24,"Hubert H Humphrey Metrodome","LF",1,"0",0.354258067161425,0.0738037639919636,0.00512526138833081
"lairdge01",2006,"TEX","AL",7,243,27,"Ameriquest Field","C",2,"0",0.433966132272746,0.165320431341998,0.020993070646603
"lambmi01",2006,"HOU","NL",12,381,31,"Minute Maid Park","1B",6,"0",0.426585755873549,0.301119357087211,0.070851613432285
"laneja01",2006,"HOU","NL",15,288,30,"Minute Maid Park","RF",3,"1",0.438394358112264,0.267907663290828,0.0545737832629464
"langery01",2006,"ATL","NL",7,315,26,"Turner Field","LF",2,"0",0.416745254007954,0.132600762638895,0.0140637172495797
"larocad01",2006,"ATL","NL",32,492,27,"Turner Field","1B",3,"1",0.433966132272746,0.165320431341998,0.020993070646603
"larueja01",2006,"CIN","NL",8,191,32,"Great American Ball Park","C",8,"0",0.409364877608758,0.332608963057116,0.0900815941613022
"leeca01",2006,"MIL","NL",28,388,30,"Miller Park","LF",9,"1",0.438394358112264,0.267907663290828,0.0545737832629464
"leeca01",2006,"TEX","AL",9,236,30,"Ameriquest Field","LF",9,"0",0.438394358112264,0.267907663290828,0.0545737832629464
"leede02",2006,"CHN","NL",8,175,31,"Wrigley Field","1B",9,"0",0.426585755873549,0.301119357087211,0.070851613432285
"leetr01",2006,"TBA","AL",11,343,31,"Tropicana Field","1B",9,"0",0.426585755873549,0.301119357087211,0.070851613432285
"liebemi01",2006,"PHI","NL",9,209,34,"Citizens Bank Park","C",12,"0",0.361638443560622,0.387469760957809,0.138382057484932
"lindeto01",2006,"SFN","NL",2,77,26,"AT&T Park","LF",2,"0",0.416745254007954,0.132600762638895,0.0140637172495797
"loducpa01",2006,"NYN","NL",5,512,34,"Shea Stadium","C",8,"0",0.361638443560622,0.387469760957809,0.138382057484932
"loftoke01",2006,"LAN","NL",3,469,39,"Dodger Stadium","CF",17,"0",0.199270162778302,0.442822583951782,0.328016728853172
"loganno01",2006,"WAS","NL",1,90,27,"R.F.K. Stadium","CF",3,"0",0.433966132272746,0.165320431341998,0.020993070646603
"loneyja01",2006,"LAN","NL",4,102,22,"Dodger Stadium","1B",1,"0",0.249456722292837,0.0287834679568658,0.00110705645987945
"lopezfe01",2006,"CIN","NL",9,343,26,"Great American Ball Park","SS",7,"0",0.416745254007954,0.132600762638895,0.0140637172495797
"lopezfe01",2006,"WAS","NL",2,274,26,"R.F.K. Stadium","SS",7,"0",0.416745254007954,0.132600762638895,0.0140637172495797
"lopezja01",2006,"BAL","AL",8,279,36,"Oriole Park at Camden Yards","DH",13,"0",0.301119357087211,0.426585755873549,0.201443273606954
"lopezjo01",2006,"SEA","AL",10,603,23,"Safeco Field","2B",3,"0",0.307515683299848,0.0492025093279757,0.00262413383082537
"loretma01",2006,"BOS","AL",5,635,35,"Fenway Park II","2B",11,"0",0.332608963057116,0.409364877608758,0.167944565172824
"lowelmi01",2006,"BOS","AL",20,573,32,"Fenway Park II","3B",8,"0",0.409364877608758,0.332608963057116,0.0900815941613022
"lugoju01",2006,"LAN","NL",0,146,31,"Dodger Stadium","SS",8,"0",0.426585755873549,0.301119357087211,0.070851613432285
"lugoju01",2006,"TBA","AL",12,289,31,"Tropicana Field","SS",8,"0",0.426585755873549,0.301119357087211,0.070851613432285
"lunahe01",2006,"SLN","NL",4,223,26,"Busch Stadium III","2B",4,"0",0.416745254007954,0.132600762638895,0.0140637172495797
"lunahe01",2006,"CLE","AL",2,127,26,"Progressive Field","2B",4,"0",0.416745254007954,0.132600762638895,0.0140637172495797
"mabryjo01",2006,"CHN","NL",5,210,36,"Wrigley Field","1B",13,"0",0.301119357087211,0.426585755873549,0.201443273606954
"mackoro01",2006,"CHA","AL",5,255,30,"U.S. Cellular Field","CF",6,"0",0.438394358112264,0.267907663290828,0.0545737832629464
"markani01",2006,"BAL","AL",16,491,23,"Oriole Park at Camden Yards","RF",1,"0",0.307515683299848,0.0492025093279757,0.00262413383082537
"martean01",2006,"CLE","AL",5,164,23,"Progressive Field","3B",1,"0",0.307515683299848,0.0492025093279757,0.00262413383082537
"martira03",2006,"LAN","NL",2,176,34,"Dodger Stadium","2B",7,"0",0.361638443560622,0.387469760957809,0.138382057484932
"martiru01",2006,"LAN","NL",10,415,23,"Dodger Stadium","C",1,"0",0.307515683299848,0.0492025093279757,0.00262413383082537
"martivi01",2006,"CLE","AL",16,572,28,"Progressive Field","C",4,"0",0.442822583951782,0.199270162778302,0.0298905244167453
"mathemi01",2006,"SFN","NL",3,160,36,"AT&T Park","C",12,"0",0.301119357087211,0.426585755873549,0.201443273606954
"matoslu01",2006,"BAL","AL",2,121,28,"Oriole Park at Camden Yards","LF",6,"0",0.442822583951782,0.199270162778302,0.0298905244167453
"matsuhi01",2006,"NYA","AL",8,172,32,"Yankee Stadium II","LF",4,"0",0.409364877608758,0.332608963057116,0.0900815941613022
"matsuka01",2006,"COL","NL",2,113,31,"Coors Field","2B",4,"0",0.426585755873549,0.301119357087211,0.070851613432285
"matsuka01",2006,"NYN","NL",1,130,31,"Shea Stadium","2B",4,"0",0.426585755873549,0.301119357087211,0.070851613432285
"matthga02",2006,"TEX","AL",19,620,32,"Ameriquest Field","CF",9,"0",0.409364877608758,0.332608963057116,0.0900815941613022
"mauerjo01",2006,"MIN","AL",13,521,23,"Hubert H Humphrey Metrodome","C",3,"0",0.307515683299848,0.0492025093279757,0.00262413383082537
"mccanbr01",2006,"ATL","NL",24,442,22,"Turner Field","C",2,"1",0.249456722292837,0.0287834679568658,0.00110705645987945
"mcdonjo03",2006,"TOR","AL",3,260,32,"Rogers Centre","SS",5,"0",0.409364877608758,0.332608963057116,0.0900815941613022
"mclouna01",2006,"PIT","NL",7,270,25,"PNC Park","CF",2,"0",0.390421911517487,0.10184919430891,0.00885645167903563
"mcpheda01",2006,"LAA","AL",7,115,26,"Angels Stadium of Anaheim","3B",2,"1",0.416745254007954,0.132600762638895,0.0140637172495797
"melhuad01",2006,"OAK","AL",4,128,34,"McAfee Coliseum","C",4,"0",0.361638443560622,0.387469760957809,0.138382057484932
"menchke01",2006,"TEX","AL",12,320,28,"Ameriquest Field","RF",6,"0",0.442822583951782,0.199270162778302,0.0298905244167453
"menchke01",2006,"MIL","NL",1,126,28,"Miller Park","RF",6,"0",0.442822583951782,0.199270162778302,0.0298905244167453
"michaja01",2006,"CLE","AL",9,494,30,"Progressive Field","LF",5,"0",0.438394358112264,0.267907663290828,0.0545737832629464
"mientdo01",2006,"KCA","AL",4,314,32,"Kauffman Stadium","1B",8,"0",0.409364877608758,0.332608963057116,0.0900815941613022
"milesaa01",2006,"SLN","NL",2,426,30,"Busch Stadium III","2B",3,"0",0.438394358112264,0.267907663290828,0.0545737832629464
"millake01",2006,"BAL","AL",15,430,35,"Oriole Park at Camden Yards","1B",8,"0",0.332608963057116,0.409364877608758,0.167944565172824
"milleda02",2006,"MIL","NL",6,331,37,"Miller Park","C",9,"0",0.267907663290828,0.438394358112264,0.239124195333962
"millela02",2006,"NYN","NL",4,166,21,"Shea Stadium","LF",1,"0",0.179343146500472,0.0132846775185534,0.000328016728853171
"mirabdo01",2006,"BOS","AL",6,161,36,"Fenway Park II","C",8,"0",0.301119357087211,0.426585755873549,0.201443273606954
"moellch01",2006,"MIL","NL",2,98,31,"Miller Park","C",6,"0",0.426585755873549,0.301119357087211,0.070851613432285
"molinbe01",2006,"TOR","AL",19,433,32,"Rogers Centre","C",8,"0",0.409364877608758,0.332608963057116,0.0900815941613022
"molinjo01",2006,"LAA","AL",4,225,31,"Angels Stadium of Anaheim","C",4,"0",0.426585755873549,0.301119357087211,0.070851613432285
"molinya01",2006,"SLN","NL",6,417,24,"Busch Stadium III","C",3,"0",0.354258067161425,0.0738037639919636,0.00512526138833081
"monrocr01",2006,"DET","AL",28,541,29,"Comerica Park","LF",4,"1",0.444052646684981,0.233711919307885,0.0410020911066464
"moralke01",2006,"LAA","AL",5,197,23,"Angels Stadium of Anaheim","1B",1,"0",0.307515683299848,0.0492025093279757,0.00262413383082537
"morame01",2006,"BAL","AL",16,624,34,"Oriole Park at Camden Yards","3B",8,"0",0.361638443560622,0.387469760957809,0.138382057484932
"morneju01",2006,"MIN","AL",34,592,25,"Hubert H Humphrey Metrodome","1B",4,"1",0.390421911517487,0.10184919430891,0.00885645167903563
"muellbi02",2006,"LAN","NL",3,107,35,"Dodger Stadium","3B",11,"0",0.332608963057116,0.409364877608758,0.167944565172824
"munsoer01",2006,"HOU","NL",5,141,29,"Minute Maid Park","C",3,"0",0.444052646684981,0.233711919307885,0.0410020911066464
"murtoma01",2006,"CHN","NL",13,455,25,"Wrigley Field","LF",2,"0",0.390421911517487,0.10184919430891,0.00885645167903563
"nadyxa01",2006,"NYN","NL",14,265,28,"Shea Stadium","RF",5,"1",0.442822583951782,0.199270162778302,0.0298905244167453
"nadyxa01",2006,"PIT","NL",3,203,28,"PNC Park","RF",5,"0",0.442822583951782,0.199270162778302,0.0298905244167453
"napolmi01",2006,"LAA","AL",16,268,25,"Angels Stadium of Anaheim","C",1,"1",0.390421911517487,0.10184919430891,0.00885645167903563
"navardi01",2006,"LAN","NL",2,75,22,"Dodger Stadium","C",3,"0",0.249456722292837,0.0287834679568658,0.00110705645987945
"navardi01",2006,"TBA","AL",4,193,22,"Tropicana Field","C",3,"0",0.249456722292837,0.0287834679568658,0.00110705645987945
"nevinph01",2006,"CHN","NL",12,179,35,"Wrigley Field","DH",14,"1",0.332608963057116,0.409364877608758,0.167944565172824
"nevinph01",2006,"TEX","AL",9,176,35,"Ameriquest Field","DH",14,"1",0.332608963057116,0.409364877608758,0.167944565172824
"newhada01",2006,"BAL","AL",4,131,33,"Oriole Park at Camden Yards","CF",3,"0",0.387469760957809,0.361638443560622,0.112509737996638
"niekrla01",2006,"SFN","NL",5,199,27,"AT&T Park","1B",2,"0",0.433966132272746,0.165320431341998,0.020993070646603
"nixontr01",2006,"BOS","AL",8,381,32,"Fenway Park II","RF",8,"0",0.409364877608758,0.332608963057116,0.0900815941613022
"nortogr01",2006,"TBA","AL",17,294,34,"Tropicana Field","DH",8,"1",0.361638443560622,0.387469760957809,0.138382057484932
"nunezab01",2006,"PHI","NL",2,322,30,"Citizens Bank Park","3B",8,"0",0.438394358112264,0.267907663290828,0.0545737832629464
"olivomi01",2006,"FLO","NL",16,430,28,"Joe Robbie Stadium","C",6,"0",0.442822583951782,0.199270162778302,0.0298905244167453
"ordonma01",2006,"DET","AL",24,593,32,"Comerica Park","RF",9,"0",0.409364877608758,0.332608963057116,0.0900815941613022
"orrpe01",2006,"ATL","NL",1,154,27,"Turner Field","2B",2,"0",0.433966132272746,0.165320431341998,0.020993070646603
"ortizda01",2006,"BOS","AL",54,558,31,"Fenway Park II","DH",8,"1",0.426585755873549,0.301119357087211,0.070851613432285
"overbly01",2006,"TOR","AL",22,581,29,"Rogers Centre","1B",4,"0",0.444052646684981,0.233711919307885,0.0410020911066464
"ozunapa01",2006,"CHA","AL",2,189,32,"U.S. Cellular Field","LF",2,"0",0.409364877608758,0.332608963057116,0.0900815941613022
"paganan01",2006,"CHN","NL",5,170,25,"Wrigley Field","LF",1,"0",0.390421911517487,0.10184919430891,0.00885645167903563
"palmeor01",2006,"HOU","NL",0,119,37,"Minute Maid Park","LF",11,"0",0.267907663290828,0.438394358112264,0.239124195333962
"patteco01",2006,"BAL","AL",16,463,27,"Oriole Park at Camden Yards","CF",6,"0",0.433966132272746,0.165320431341998,0.020993070646603
"pauliro01",2006,"PIT","NL",6,442,25,"PNC Park","C",1,"0",0.390421911517487,0.10184919430891,0.00885645167903563
"pauljo01",2006,"TBA","AL",1,146,31,"Tropicana Field","C",3,"0",0.426585755873549,0.301119357087211,0.070851613432285
"paytoja01",2006,"OAK","AL",10,557,34,"McAfee Coliseum","LF",9,"0",0.361638443560622,0.387469760957809,0.138382057484932
"pedrodu01",2006,"BOS","AL",2,89,23,"Fenway Park II","2B",1,"0",0.307515683299848,0.0492025093279757,0.00262413383082537
"penawi01",2006,"BOS","AL",11,276,24,"Fenway Park II","RF",4,"0",0.354258067161425,0.0738037639919636,0.00512526138833081
"peraljh01",2006,"CLE","AL",13,569,24,"Progressive Field","SS",3,"0",0.354258067161425,0.0738037639919636,0.00512526138833081
"perezan01",2006,"OAK","AL",1,98,26,"McAfee Coliseum","3B",3,"0",0.416745254007954,0.132600762638895,0.0140637172495797
"perezed01",2006,"CLE","AL",8,99,37,"Progressive Field","DH",10,"1",0.267907663290828,0.438394358112264,0.239124195333962
"perezed01",2006,"SEA","AL",1,87,37,"Safeco Field","DH",10,"0",0.267907663290828,0.438394358112264,0.239124195333962
"perezne01",2006,"CHN","NL",2,236,33,"Wrigley Field","2B",11,"0",0.387469760957809,0.361638443560622,0.112509737996638
"perezto03",2006,"TBA","AL",2,241,33,"Tropicana Field","3B",10,"0",0.387469760957809,0.361638443560622,0.112509737996638
"phillan01",2006,"NYA","AL",7,246,29,"Yankee Stadium II","1B",1,"0",0.444052646684981,0.233711919307885,0.0410020911066464
"phillbr01",2006,"CIN","NL",17,536,25,"Great American Ball Park","2B",2,"0",0.390421911517487,0.10184919430891,0.00885645167903563
"piazzmi01",2006,"SDN","NL",22,399,38,"Petco Park","C",15,"1",0.233711919307885,0.444052646684981,0.281233342900488
"pierrju01",2006,"CHN","NL",3,699,29,"Wrigley Field","CF",7,"0",0.444052646684981,0.233711919307885,0.0410020911066464
"pierzaj01",2006,"CHA","AL",16,509,30,"U.S. Cellular Field","C",7,"0",0.438394358112264,0.267907663290828,0.0545737832629464
"podsesc01",2006,"CHA","AL",3,524,30,"U.S. Cellular Field","LF",4,"0",0.438394358112264,0.267907663290828,0.0545737832629464
"polanpl01",2006,"DET","AL",4,461,31,"Comerica Park","2B",11,"0",0.426585755873549,0.301119357087211,0.070851613432285
"posadjo01",2006,"NYA","AL",23,465,35,"Yankee Stadium II","C",10,"0",0.332608963057116,0.409364877608758,0.167944565172824
"prattto02",2006,"ATL","NL",4,135,39,"Turner Field","C",12,"0",0.199270162778302,0.442822583951782,0.328016728853172
"pujolal01",2006,"SLN","NL",49,535,26,"Busch Stadium III","1B",6,"1",0.416745254007954,0.132600762638895,0.0140637172495797
"puntoni01",2006,"MIN","AL",1,459,29,"Hubert H Humphrey Metrodome","3B",4,"0",0.444052646684981,0.233711919307885,0.0410020911066464
"quentca01",2006,"ARI","NL",9,166,24,"Chase Field","RF",1,"1",0.354258067161425,0.0738037639919636,0.00512526138833081
"quinlro01",2006,"LAA","AL",9,234,29,"Angels Stadium of Anaheim","1B",4,"0",0.444052646684981,0.233711919307885,0.0410020911066464
"ramirar01",2006,"CHN","NL",38,594,28,"Wrigley Field","3B",9,"1",0.442822583951782,0.199270162778302,0.0298905244167453
"ramirha01",2006,"FLO","NL",17,633,23,"Joe Robbie Stadium","SS",1,"0",0.307515683299848,0.0492025093279757,0.00262413383082537
"ramirma02",2006,"BOS","AL",35,449,34,"Fenway Park II","LF",13,"1",0.361638443560622,0.387469760957809,0.138382057484932
"randajo01",2006,"PIT","NL",4,206,37,"PNC Park","3B",12,"0",0.267907663290828,0.438394358112264,0.239124195333962
"redmomi01",2006,"MIN","AL",0,179,35,"Hubert H Humphrey Metrodome","C",9,"0",0.332608963057116,0.409364877608758,0.167944565172824
"reedje03",2006,"SEA","AL",6,212,25,"Safeco Field","CF",2,"0",0.390421911517487,0.10184919430891,0.00885645167903563
"renteed01",2006,"ATL","NL",14,598,30,"Turner Field","SS",11,"0",0.438394358112264,0.267907663290828,0.0545737832629464
"repkoja01",2006,"LAN","NL",3,130,26,"Dodger Stadium","CF",2,"0",0.416745254007954,0.132600762638895,0.0140637172495797
"reyesjo01",2006,"NYN","NL",19,647,23,"Shea Stadium","SS",4,"0",0.307515683299848,0.0492025093279757,0.00262413383082537
"riosal01",2006,"TOR","AL",17,450,25,"Rogers Centre","RF",3,"0",0.390421911517487,0.10184919430891,0.00885645167903563
"riverju01",2006,"LAA","AL",23,448,28,"Angels Stadium of Anaheim","LF",5,"1",0.442822583951782,0.199270162778302,0.0298905244167453
"rivermi02",2006,"MIL","NL",6,142,30,"Miller Park","C",2,"0",0.438394358112264,0.267907663290828,0.0545737832629464
"riverre01",2006,"SEA","AL",2,99,23,"Safeco Field","C",1,"0",0.307515683299848,0.0492025093279757,0.00262413383082537
"roberbr01",2006,"BAL","AL",10,563,29,"Oriole Park at Camden Yards","2B",6,"0",0.444052646684981,0.233711919307885,0.0410020911066464
"roberda07",2006,"SDN","NL",2,499,34,"Petco Park","LF",7,"0",0.361638443560622,0.387469760957809,0.138382057484932
"rodrial01",2006,"NYA","AL",35,572,31,"Yankee Stadium II","3B",12,"1",0.426585755873549,0.301119357087211,0.070851613432285
"rodriiv01",2006,"DET","AL",13,547,35,"Comerica Park","C",16,"0",0.332608963057116,0.409364877608758,0.167944565172824
"rodrijo03",2006,"SLN","NL",2,183,28,"Busch Stadium III","LF",2,"0",0.442822583951782,0.199270162778302,0.0298905244167453
"rodrilu01",2006,"MIN","AL",2,115,26,"Hubert H Humphrey Metrodome","3B",2,"0",0.416745254007954,0.132600762638895,0.0140637172495797
"rolensc01",2006,"SLN","NL",22,521,31,"Busch Stadium III","3B",12,"0",0.426585755873549,0.301119357087211,0.070851613432285
"rolliji01",2006,"PHI","NL",25,689,28,"Citizens Bank Park","SS",6,"0",0.442822583951782,0.199270162778302,0.0298905244167453
"rossco01",2006,"FLO","NL",11,250,26,"Joe Robbie Stadium","LF",1,"0",0.416745254007954,0.132600762638895,0.0140637172495797
"rossda01",2006,"CIN","NL",21,247,29,"Great American Ball Park","C",4,"1",0.444052646684981,0.233711919307885,0.0410020911066464
"rowanaa01",2006,"PHI","NL",12,405,29,"Citizens Bank Park","CF",6,"0",0.444052646684981,0.233711919307885,0.0410020911066464
"saenzol01",2006,"LAN","NL",11,179,36,"Dodger Stadium","1B",7,"1",0.301119357087211,0.426585755873549,0.201443273606954
"salmoti01",2006,"LAA","AL",9,211,38,"Angels Stadium of Anaheim","DH",14,"0",0.233711919307885,0.444052646684981,0.281233342900488
"sanchfr01",2006,"PIT","NL",6,582,29,"PNC Park","3B",2,"0",0.444052646684981,0.233711919307885,0.0410020911066464
"sandere02",2006,"KCA","AL",11,325,39,"Kauffman Stadium","RF",15,"0",0.199270162778302,0.442822583951782,0.328016728853172
"santira01",2006,"DET","AL",0,80,27,"Comerica Park","SS",3,"0",0.433966132272746,0.165320431341998,0.020993070646603
"schnebr01",2006,"WAS","NL",4,410,30,"R.F.K. Stadium","C",6,"0",0.438394358112264,0.267907663290828,0.0545737832629464
"scottlu01",2006,"HOU","NL",10,214,28,"Minute Maid Park","LF",2,"0",0.442822583951782,0.199270162778302,0.0298905244167453
"scutama01",2006,"OAK","AL",5,365,31,"McAfee Coliseum","SS",4,"0",0.426585755873549,0.301119357087211,0.070851613432285
"sexsori01",2006,"SEA","AL",34,591,32,"Safeco Field","1B",10,"1",0.409364877608758,0.332608963057116,0.0900815941613022
"shealry01",2006,"KCA","AL",7,193,27,"Kauffman Stadium","1B",2,"0",0.433966132272746,0.165320431341998,0.020993070646603
"sheffga01",2006,"NYA","AL",6,151,38,"Yankee Stadium II","RF",19,"0",0.233711919307885,0.444052646684981,0.281233342900488
"sheltch01",2006,"DET","AL",16,373,26,"Comerica Park","1B",2,"0",0.416745254007954,0.132600762638895,0.0140637172495797
"shoppke01",2006,"CLE","AL",3,110,26,"Progressive Field","C",1,"0",0.416745254007954,0.132600762638895,0.0140637172495797
"sizemgr01",2006,"CLE","AL",28,655,24,"Progressive Field","CF",3,"0",0.354258067161425,0.0738037639919636,0.00512526138833081
"smithja05",2006,"COL","NL",5,99,29,"Coors Field","2B",2,"1",0.444052646684981,0.233711919307885,0.0410020911066464
"snellch02",2006,"SEA","AL",3,96,25,"Safeco Field","RF",1,"0",0.390421911517487,0.10184919430891,0.00885645167903563
"snydech02",2006,"ARI","NL",6,184,25,"Chase Field","C",3,"0",0.390421911517487,0.10184919430891,0.00885645167903563
"soriaal01",2006,"WAS","NL",46,647,30,"R.F.K. Stadium","LF",6,"1",0.438394358112264,0.267907663290828,0.0545737832629464
"spiezsc01",2006,"SLN","NL",13,276,34,"Busch Stadium III","3B",9,"0",0.361638443560622,0.387469760957809,0.138382057484932
"spilbry01",2006,"COL","NL",4,167,27,"Coors Field","CF",1,"0",0.433966132272746,0.165320431341998,0.020993070646603
"stairma01",2006,"TEX","AL",3,81,38,"Ameriquest Field","DH",13,"0",0.233711919307885,0.444052646684981,0.281233342900488
"stairma01",2006,"KCA","AL",8,226,38,"Kauffman Stadium","DH",13,"0",0.233711919307885,0.444052646684981,0.281233342900488
"stewash01",2006,"MIN","AL",2,174,32,"Hubert H Humphrey Metrodome","LF",11,"0",0.409364877608758,0.332608963057116,0.0900815941613022
"stinnke01",2006,"NYA","AL",1,79,36,"Yankee Stadium II","C",10,"0",0.301119357087211,0.426585755873549,0.201443273606954
"sullico01",2006,"COL","NL",2,386,27,"Coors Field","CF",2,"0",0.433966132272746,0.165320431341998,0.020993070646603
"suzukic01",2006,"SEA","AL",9,695,33,"Safeco Field","RF",6,"0",0.387469760957809,0.361638443560622,0.112509737996638
"sweenma01",2006,"SFN","NL",5,259,37,"AT&T Park","1B",9,"0",0.267907663290828,0.438394358112264,0.239124195333962
"sweenmi01",2006,"KCA","AL",8,217,33,"Kauffman Stadium","DH",11,"0",0.387469760957809,0.361638443560622,0.112509737996638
"swishni01",2006,"OAK","AL",35,556,26,"McAfee Coliseum","1B",2,"1",0.416745254007954,0.132600762638895,0.0140637172495797
"tagucso01",2006,"SLN","NL",2,316,37,"Busch Stadium III","LF",3,"0",0.267907663290828,0.438394358112264,0.239124195333962
"taverwi01",2006,"HOU","NL",1,529,25,"Minute Maid Park","CF",2,"0",0.390421911517487,0.10184919430891,0.00885645167903563
"teahema01",2006,"KCA","AL",18,393,25,"Kauffman Stadium","3B",2,"0",0.390421911517487,0.10184919430891,0.00885645167903563
"teixema01",2006,"TEX","AL",33,628,26,"Ameriquest Field","1B",4,"1",0.416745254007954,0.132600762638895,0.0140637172495797
"tejadmi01",2006,"BAL","AL",24,648,32,"Oriole Park at Camden Yards","SS",10,"0",0.409364877608758,0.332608963057116,0.0900815941613022
"thamema01",2006,"DET","AL",26,348,29,"Comerica Park","LF",3,"1",0.444052646684981,0.233711919307885,0.0410020911066464
"theriry01",2006,"CHN","NL",3,134,27,"Wrigley Field","2B",1,"0",0.433966132272746,0.165320431341998,0.020993070646603
"thomafr04",2006,"OAK","AL",39,466,38,"McAfee Coliseum","DH",16,"1",0.233711919307885,0.444052646684981,0.281233342900488
"thomeji01",2006,"CHA","AL",42,490,36,"U.S. Cellular Field","DH",16,"1",0.301119357087211,0.426585755873549,0.201443273606954
"thormsc01",2006,"ATL","NL",5,128,24,"Turner Field","LF",1,"0",0.354258067161425,0.0738037639919636,0.00512526138833081
"torreyo01",2006,"COL","NL",7,223,28,"Coors Field","C",6,"0",0.442822583951782,0.199270162778302,0.0298905244167453
"tracych01",2006,"ARI","NL",20,597,26,"Chase Field","3B",3,"0",0.416745254007954,0.132600762638895,0.0140637172495797
"treanma01",2006,"FLO","NL",2,157,30,"Joe Robbie Stadium","C",2,"0",0.438394358112264,0.267907663290828,0.0545737832629464
"tulowtr01",2006,"COL","NL",1,96,22,"Coors Field","SS",1,"0",0.249456722292837,0.0287834679568658,0.00110705645987945
"tynerja01",2006,"MIN","AL",0,218,29,"Hubert H Humphrey Metrodome","LF",5,"0",0.444052646684981,0.233711919307885,0.0410020911066464
"ugglada01",2006,"FLO","NL",27,611,26,"Joe Robbie Stadium","2B",1,"0",0.416745254007954,0.132600762638895,0.0140637172495797
"uptonbj01",2006,"TBA","AL",1,175,22,"Tropicana Field","3B",2,"0",0.249456722292837,0.0287834679568658,0.00110705645987945
"uribeju01",2006,"CHA","AL",21,463,27,"U.S. Cellular Field","SS",6,"0",0.433966132272746,0.165320431341998,0.020993070646603
"utleych01",2006,"PHI","NL",32,658,28,"Citizens Bank Park","2B",4,"0",0.442822583951782,0.199270162778302,0.0298905244167453
"valenja01",2006,"CIN","NL",8,186,31,"Great American Ball Park","C",6,"0",0.426585755873549,0.301119357087211,0.070851613432285
"valenjo03",2006,"NYN","NL",18,384,37,"Shea Stadium","2B",13,"0",0.267907663290828,0.438394358112264,0.239124195333962
"varitja01",2006,"BOS","AL",12,365,34,"Fenway Park II","C",9,"0",0.361638443560622,0.387469760957809,0.138382057484932
"victosh01",2006,"PHI","NL",6,415,26,"Citizens Bank Park","CF",1,"0",0.416745254007954,0.132600762638895,0.0140637172495797
"vidrojo01",2006,"WAS","NL",7,463,32,"R.F.K. Stadium","2B",10,"0",0.409364877608758,0.332608963057116,0.0900815941613022
"vizcajo01",2006,"SFN","NL",1,119,38,"AT&T Park","SS",18,"0",0.233711919307885,0.444052646684981,0.281233342900488
"vizquom01",2006,"SFN","NL",4,579,39,"AT&T Park","SS",17,"0",0.199270162778302,0.442822583951782,0.328016728853172
"walketo04",2006,"SDN","NL",3,124,33,"Petco Park","2B",14,"0",0.387469760957809,0.361638443560622,0.112509737996638
"walketo04",2006,"CHN","NL",6,318,33,"Wrigley Field","2B",14,"0",0.387469760957809,0.361638443560622,0.112509737996638
"wardda01",2006,"WAS","NL",6,104,31,"R.F.K. Stadium","RF",8,"1",0.426585755873549,0.301119357087211,0.070851613432285
"weeksri01",2006,"MIL","NL",8,359,24,"Miller Park","2B",2,"0",0.354258067161425,0.0738037639919636,0.00512526138833081
"wellsve01",2006,"TOR","AL",32,611,28,"Rogers Centre","CF",7,"1",0.442822583951782,0.199270162778302,0.0298905244167453
"whitero02",2006,"MIN","AL",7,337,34,"Hubert H Humphrey Metrodome","DH",14,"0",0.361638443560622,0.387469760957809,0.138382057484932
"widgech01",2006,"CHA","AL",1,76,35,"U.S. Cellular Field","C",7,"0",0.332608963057116,0.409364877608758,0.167944565172824
"wiggity01",2006,"TBA","AL",24,444,29,"Tropicana Field","1B",6,"1",0.444052646684981,0.233711919307885,0.0410020911066464
"wilkebr01",2006,"TEX","AL",15,320,29,"Ameriquest Field","LF",6,"0",0.444052646684981,0.233711919307885,0.0410020911066464
"willibe02",2006,"NYA","AL",12,420,38,"Yankee Stadium II","RF",16,"0",0.233711919307885,0.444052646684981,0.281233342900488
"willijo03",2006,"FLO","NL",26,502,27,"Joe Robbie Stadium","LF",1,"1",0.433966132272746,0.165320431341998,0.020993070646603
"wilsocr03",2006,"NYA","AL",4,104,30,"Yankee Stadium II","1B",7,"0",0.438394358112264,0.267907663290828,0.0545737832629464
"wilsocr03",2006,"PIT","NL",13,255,30,"PNC Park","1B",7,"1",0.438394358112264,0.267907663290828,0.0545737832629464
"wilsoja02",2006,"PIT","NL",8,543,29,"PNC Park","SS",6,"0",0.444052646684981,0.233711919307885,0.0410020911066464
"wilsopr01",2006,"SLN","NL",8,111,32,"Busch Stadium III","LF",10,"1",0.409364877608758,0.332608963057116,0.0900815941613022
"wilsopr01",2006,"HOU","NL",9,390,32,"Minute Maid Park","LF",10,"0",0.409364877608758,0.332608963057116,0.0900815941613022
"wilsova01",2006,"DET","AL",5,152,33,"Comerica Park","C",5,"0",0.387469760957809,0.361638443560622,0.112509737996638
"winnra01",2006,"SFN","NL",11,573,32,"AT&T Park","RF",10,"0",0.409364877608758,0.332608963057116,0.0900815941613022
"woodwch01",2006,"NYN","NL",3,222,30,"Shea Stadium","2B",6,"0",0.438394358112264,0.267907663290828,0.0545737832629464
"wrighda03",2006,"NYN","NL",26,582,24,"Shea Stadium","3B",3,"0",0.354258067161425,0.0738037639919636,0.00512526138833081
"youklke01",2006,"BOS","AL",13,569,27,"Fenway Park II","1B",3,"0",0.433966132272746,0.165320431341998,0.020993070646603
"youngde03",2006,"TBA","AL",3,126,21,"Tropicana Field","RF",1,"0",0.179343146500472,0.0132846775185534,0.000328016728853171
"youngdm01",2006,"DET","AL",7,172,33,"Comerica Park","DH",10,"0",0.387469760957809,0.361638443560622,0.112509737996638
"younger01",2006,"SDN","NL",3,128,39,"Petco Park","LF",16,"0",0.199270162778302,0.442822583951782,0.328016728853172
"youngmi02",2006,"TEX","AL",14,691,30,"Ameriquest Field","SS",6,"0",0.438394358112264,0.267907663290828,0.0545737832629464
"zaungr01",2006,"TOR","AL",12,290,35,"Rogers Centre","C",12,"0",0.332608963057116,0.409364877608758,0.167944565172824
"zimmery01",2006,"WAS","NL",20,614,22,"R.F.K. Stadium","3B",1,"0",0.249456722292837,0.0287834679568658,0.00110705645987945
"zobribe01",2006,"TBA","AL",2,183,25,"Tropicana Field","SS",1,"0",0.390421911517487,0.10184919430891,0.00885645167903563
